﻿FROM_ID,TO_ID,DURATION_H,DIST_KM
0,0,0,0
0,4,1.059075,54.55784
0,5,0.766552778,29.26017
0,8,1.605930556,99.49319
0,9,0.845552778,32.83569
0,10,1.754766667,93.48195
0,11,1.51255,83.63323
0,12,2.171880556,111.58063
0,13,1.044847222,34.18738
0,14,1.589716667,89.86138
0,15,1.446636111,55.48512
0,16,0.685516667,25.63427
0,18,0.395733333,11.87204
0,22,1.324097222,72.75842
0,23,1.078836111,47.35415
0,25,1.663005556,57.74983
0,26,0.727697222,28.44242
0,27,1.583366667,99.67945
0,28,1.847016667,104.01301
0,29,1.292038889,48.09498
0,30,1.653858333,94.05751
0,33,0.171525,7.24997
0,34,1.510244444,89.78308
0,36,2.228438889,122.73802
0,37,2.505119444,131.03853
0,38,1.701630556,91.00595
0,40,1.416452778,80.47756
0,41,2.369269444,117.5023
0,43,0.955475,25.94559
0,44,2.119580556,103.54654
0,48,0.699116667,26.10217
0,49,0.618322222,21.39162
0,50,1.423113889,59.92991
0,52,1.215616667,45.031
0,54,0.338608333,10.27871
0,55,1.8935,100.86913
0,56,0.704638889,24.65512
0,58,1.814286111,102.4523
0,60,1.374038889,63.44766
0,61,2.256927778,108.54677
0,63,1.042613889,37.87729
0,64,1.31895,47.42809
0,65,1.484327778,91.26116
0,66,1.593669444,82.51651
0,70,1.430061111,75.08227
0,71,1.319497222,43.47097
0,74,1.698219444,105.59275
0,76,1.436233333,83.54434
0,77,0.893366667,39.64377
0,78,1.065261111,35.38223
0,79,1.151811111,62.90454
0,82,1.401202778,77.52732
0,83,1.246497222,50.26711
0,84,1.5808,87.92112
0,85,1.663244444,95.11615
0,86,1.731702778,98.37523
0,87,0.920788889,27.39235
0,89,1.422361111,65.45482
0,100,1.034436111,52.34031
4,0,1.059075,54.55784
4,4,0,0
4,5,0.670219444,51.84148
4,8,0.546858333,44.93546
4,9,0.690291667,52.2278
4,10,0.695694444,38.92423
4,11,0.453477778,29.07551
4,12,1.112805556,57.0229
4,13,0.74125,51.60736
4,14,0.530644444,35.30365
4,15,0.979913889,49.4728
4,16,0.625258333,51.27444
4,18,1.106036111,52.06653
4,22,0.265022222,18.2007
4,23,0.402875,27.27738
4,25,1.044808333,52.67054
4,26,0.512575,31.55134
4,27,0.524291667,45.12171
4,28,0.787944444,49.45528
4,29,0.594741667,37.69417
4,30,0.594786111,39.49978
4,33,0.973905556,58.76931
4,34,0.451169444,35.22535
4,36,1.169363889,68.1803
4,37,1.446047222,76.4808
4,38,0.642555556,36.44821
4,40,0.357380556,25.91983
4,41,1.310197222,62.94457
4,43,0.574094444,28.43097
4,44,1.060508333,48.98881
4,48,0.442844444,39.85721
4,49,0.861441667,42.01736
4,50,0.368683333,21.86345
4,52,0.716280556,39.34827
4,54,0.775508333,40.08991
4,55,0.834427778,46.31141
4,56,0.587866667,45.87235
4,58,0.755211111,47.89457
4,60,0.595336111,34.12401
4,61,1.197852778,53.98904
4,63,0.560813889,28.99968
4,64,0.700752778,42.34879
4,65,0.425255556,36.70343
4,66,0.534597222,27.95878
4,70,0.370988889,20.52454
4,71,0.894305556,51.90232
4,74,0.639147222,51.03502
4,76,0.377161111,28.98661
4,77,0.165708333,14.9141
4,78,0.668813889,45.8258
4,79,0.092738889,8.34681
4,82,0.342130556,22.96959
4,83,0.372286111,27.48225
4,84,0.521727778,33.36339
4,85,0.604172222,40.55842
4,86,0.672627778,43.8175
4,87,0.872327778,59.85632
4,89,0.363341667,10.90201
4,100,0.024636111,2.21754
5,0,0.766552778,29.26017
5,4,0.671294444,51.85635
5,5,0,0
5,8,1.218152778,96.7917
5,9,0.361238889,18.31629
5,10,1.366988889,90.78046
5,11,1.124769444,80.93174
5,12,1.7841,108.87913
5,13,1.408633333,66.40692
5,14,1.201938889,87.15988
5,15,0.962322222,40.96571
5,16,0.247302778,14.54297
5,18,1.100969444,39.29273
5,22,0.936316667,70.05693
5,23,0.681061111,43.82891
5,25,1.716102778,104.52677
5,26,0.788158333,47.79266
5,27,1.195586111,96.97795
5,28,1.459236111,101.31151
5,29,1.266036111,89.55041
5,30,1.266077778,91.35601
5,33,0.595947222,22.03784
5,34,1.122463889,87.08159
5,36,1.840658333,120.03653
5,37,2.117341667,128.33704
5,38,1.31385,88.30445
5,40,1.028672222,77.77607
5,41,1.981488889,114.8008
5,43,0.849677778,44.6723
5,44,1.731802778,100.84505
5,48,0.22845,11.99932
5,49,1.137025,58.25868
5,50,1.039977778,73.71968
5,52,0.731302778,30.51159
5,54,0.977441667,35.70731
5,55,1.505722222,98.16764
5,56,0.199002778,8.85634
5,58,1.426505556,99.7508
5,60,0.986258333,60.74616
5,61,1.869147222,105.84527
5,63,0.8364,45.241
5,64,1.372047222,94.20503
5,65,1.09655,88.55967
5,66,1.205891667,79.81501
5,70,1.042280556,72.38077
5,71,1.5656,103.75855
5,74,1.310441667,102.89126
5,76,1.048455556,80.84284
5,77,0.505588889,36.94228
5,78,1.300441667,59.1623
5,79,0.764030556,60.20305
5,82,1.013425,74.82582
5,83,1.043580556,79.33849
5,84,1.193022222,85.21963
5,85,1.275466667,92.41466
5,86,1.343922222,95.67374
5,87,1.501736111,69.00834
5,89,1.034580556,62.75332
5,100,0.646658333,49.63882
8,0,1.594669444,99.39855
8,4,0.535597222,44.84082
8,5,1.205816667,96.68219
8,8,0,0
8,9,1.225886111,97.0685
8,10,0.910669444,50.38348
8,11,0.617786111,41.15106
8,12,1.367911111,77.13705
8,13,0.937791667,67.3996
8,14,0.571447222,24.30698
8,15,1.515508333,94.3135
8,16,1.160855556,96.11514
8,18,1.536694444,91.64011
8,22,0.423466667,29.34277
8,23,0.938469444,72.11809
8,25,1.241352778,68.46278
8,26,1.048169444,76.39205
8,27,0.779397222,65.23587
8,28,0.47335,15.33079
8,29,0.791283333,53.48641
8,30,0.849888889,59.61393
8,33,1.5095,103.61001
8,34,0.163047222,9.92457
8,36,1.424469444,88.29445
8,37,1.701152778,96.59496
8,38,0.772938889,45.95991
8,40,0.24005,18.69888
8,41,1.5653,83.05873
8,43,1.109688889,73.27168
8,44,1.190891667,58.5005
8,48,0.978438889,84.69791
8,49,1.197008333,72.15007
8,50,0.532994444,33.939
8,52,1.251875,84.18898
8,54,1.311105556,84.93062
8,55,0.806375,32.14848
8,56,1.123461111,90.71305
8,58,0.485261111,32.98805
8,60,1.088261111,58.19275
8,61,1.342608333,62.4439
8,63,1.096408333,73.84038
8,64,0.897294444,58.14104
8,65,0.680358333,56.81759
8,66,0.664980556,37.47046
8,70,0.626091667,40.63869
8,71,1.090847222,67.69456
8,74,0.894252778,71.14918
8,76,0.632266667,49.10077
8,77,0.701302778,59.7548
8,78,0.865355556,61.61804
8,79,0.442863889,36.49451
8,82,0.472513889,32.48128
8,83,0.568827778,43.2745
8,84,0.515283333,19.8099
8,85,0.859277778,60.67257
8,86,0.927733333,63.93166
8,87,1.068869444,75.64857
8,89,0.717436111,47.06784
8,100,0.560233333,47.05824
9,0,0.845552778,32.83569
9,4,0.693647222,52.80128
9,5,0.361238889,18.31629
9,8,1.240502778,97.73663
9,9,0,0
9,10,1.389338889,91.72539
9,11,1.147122222,81.87667
9,12,1.806452778,109.82406
9,13,1.430983333,67.35185
9,14,1.224288889,88.10481
9,15,0.601122222,22.65141
9,16,0.326305556,18.11849
9,18,1.179972222,42.86825
9,22,0.958666667,71.00186
9,23,0.517972222,25.89877
9,25,1.738455556,105.4717
9,26,0.810508333,48.73759
9,27,1.217936111,97.92288
9,28,1.481588889,102.25644
9,29,1.288386111,90.49534
9,30,1.288430556,92.30094
9,33,0.67495,25.61336
9,34,1.144813889,88.02652
9,36,1.863008333,120.98146
9,37,2.139691667,129.28197
9,38,1.3362,89.24938
9,40,1.051025,78.721
9,41,2.003841667,115.74573
9,43,0.872027778,45.61723
9,44,1.754152778,101.78998
9,48,0.250802778,12.94425
9,49,1.159375,59.20361
9,50,1.062327778,74.66461
9,52,0.370102778,12.19728
9,54,1.056444444,39.28283
9,55,1.528072222,99.11257
9,56,0.270666667,12.02988
9,58,1.448858333,100.69573
9,60,0.779083333,37.56655
9,61,1.891497222,106.7902
9,63,0.85875,46.18593
9,64,1.394397222,95.14996
9,65,1.1189,89.5046
9,66,1.228241667,80.75994
9,70,1.064633333,73.3257
9,71,1.58795,104.70348
9,74,1.332791667,103.83619
9,76,1.070805556,81.78777
9,77,0.527938889,37.88721
9,78,1.322791667,60.10723
9,79,0.786383333,61.14798
9,82,1.035775,75.77075
9,83,1.065930556,80.28342
9,84,1.215372222,86.16455
9,85,1.297816667,93.35959
9,86,1.366272222,96.61867
9,87,1.524088889,69.95327
9,89,1.056933333,63.69825
9,100,0.669008333,50.58375
10,0,1.748413889,92.94177
10,4,0.689341667,38.38405
10,5,1.359561111,90.22542
10,8,0.928058333,50.77168
10,9,1.379630556,90.61173
10,10,0,0
10,11,0.854725,35.15836
10,12,1.172252778,40.75293
10,13,1.147705556,57.91205
10,14,0.741858333,32.6402
10,15,1.669252778,87.85673
10,16,1.3146,89.65837
10,18,1.746608333,82.15255
10,22,0.666272222,24.28354
10,23,1.092213889,65.66132
10,25,1.451266667,58.97522
10,26,1.201913889,69.93527
10,27,0.583738889,28.85174
10,28,0.999158333,46.79183
10,29,1.0012,43.99886
10,30,0.654230556,23.22981
10,33,1.663244444,97.15324
10,34,0.832372222,41.06157
10,36,1.228808333,51.91032
10,37,1.505491667,60.21084
10,38,0.350977778,11.42517
10,40,0.738580556,31.75606
10,41,1.369641667,46.6746
10,43,1.263433333,66.81491
10,44,0.768930556,23.96577
10,48,1.132183333,78.24115
10,49,1.406925,62.66252
10,50,0.769933333,27.94629
10,52,1.405619444,77.7322
10,54,1.46485,78.47384
10,55,1.045641667,43.64796
10,56,1.277205556,84.25628
10,58,1.156461111,53.97742
10,60,1.073313889,37.1692
10,61,0.502169444,15.06511
10,63,1.250155556,67.38361
10,64,1.107211111,48.65348
10,65,0.4847,20.43346
10,66,0.454516667,12.30684
10,70,0.658663889,24.33531
10,71,1.300763889,58.207
10,74,0.698591667,34.76505
10,76,0.382666667,10.89772
10,77,0.855047222,53.29803
10,78,1.075272222,52.13049
10,79,0.596608333,30.03774
10,82,0.599097222,21.83386
10,83,0.778744444,33.78694
10,84,0.922977778,39.44623
10,85,0.356744444,10.70233
10,86,0.732075,27.54754
10,87,1.278786111,66.16102
10,89,0.702486111,26.04429
10,100,0.713977778,40.60147
11,0,1.513133333,83.67311
11,4,0.454058333,29.11538
11,5,1.124280556,80.95675
11,8,0.6312,26.24496
11,9,1.14435,81.34306
11,10,0.854725,35.15836
11,11,0,0
11,12,1.295533333,62.92399
11,13,0.689388889,41.33982
11,14,0.645986111,35.40231
11,15,1.433972222,78.58807
11,16,1.079316667,80.3897
11,18,1.288291667,65.58033
11,22,0.237652778,11.7652
11,23,0.856933333,56.39265
11,25,0.99295,42.403
11,26,0.966633333,60.66661
11,27,0.707016667,51.0228
11,28,0.903286111,49.55393
11,29,0.542883333,27.42663
11,30,0.777511111,45.40087
11,33,1.427963889,87.88457
11,34,0.539488889,31.82916
11,36,1.352088889,74.08138
11,37,1.628772222,82.3819
11,38,0.757897222,36.54687
11,40,0.445697222,22.52364
11,41,1.492922222,68.84566
11,43,1.028152778,57.54624
11,44,1.17585,49.08747
11,48,0.896902778,68.97248
11,49,0.948608333,46.09029
11,50,0.239772222,10.43075
11,52,1.170338889,68.46354
11,54,1.229569444,69.20518
11,55,0.949769444,46.41006
11,56,1.041925,74.98762
11,58,0.399302778,21.74609
11,60,1.015883333,43.97968
11,61,1.327569444,53.03086
11,63,0.977625,45.21697
11,64,0.648894444,32.08126
11,65,0.607980556,42.60453
11,66,0.649938889,28.05743
11,70,0.553713889,26.42563
11,71,0.842444444,41.63478
11,74,0.821872222,56.93611
11,76,0.559886111,34.8877
11,77,0.619766667,44.02936
11,78,0.616955556,35.55827
11,79,0.361327778,20.76908
11,82,0.457472222,23.06825
11,83,0.320427778,17.21472
11,84,0.165819444,7.2149
11,85,0.786897222,46.45951
11,86,0.855355556,49.7186
11,87,0.820469444,49.58879
11,89,0.645055556,32.85478
11,100,0.478697222,31.3328
12,0,2.165527778,111.04045
12,4,1.106452778,56.48272
12,5,1.776672222,108.32409
12,8,1.3853,77.52527
12,9,1.796744444,108.71041
12,10,1.172252778,40.75293
12,11,1.295533333,62.92399
12,12,0,0
12,13,1.583305556,85.45584
12,14,1.346811111,63.78131
12,15,1.9735,67.92522
12,16,1.731711111,107.75705
12,18,2.182208333,109.69635
12,22,1.107077778,52.04918
12,23,1.509327778,83.75999
12,25,1.886863889,86.51902
12,26,1.619025,88.03395
12,27,0.670461111,23.8216
12,28,1.604111111,77.93294
12,29,1.436797222,71.54266
12,30,0.613852778,18.24462
12,33,2.080358333,115.25191
12,34,1.289613889,67.81516
12,36,0.416816667,12.50451
12,37,0.442233333,12.47476
12,38,1.376291667,47.76993
12,40,1.195822222,58.50964
12,41,0.526066667,15.78212
12,43,1.680544444,84.91359
12,44,1.794244444,60.31053
12,48,1.549297222,96.33982
12,49,1.842522222,90.20631
12,50,1.210738889,55.71193
12,52,1.709866667,57.80069
12,54,1.881961111,96.57252
12,55,1.650594444,74.78907
12,56,1.694316667,102.35496
12,58,1.597269444,81.74305
12,60,1.135288889,34.05882
12,61,1.424558333,42.65598
12,63,1.667266667,85.48229
12,64,1.542808333,76.19728
12,65,0.698719444,21.26886
12,66,1.350763889,56.43644
12,70,1.075775,42.43398
12,71,1.736361111,85.7508
12,74,0.663416667,19.66889
12,76,0.853719444,30.81532
12,77,1.272158333,71.39671
12,78,1.510869444,79.67429
12,79,1.013722222,48.13642
12,82,1.179780556,52.95808
12,83,1.214341667,61.33074
12,84,1.363783333,67.21188
12,85,0.921463889,28.84942
12,86,0.447819444,13.43462
12,87,1.714383333,93.70481
12,89,1.008872222,30.26625
12,100,1.131088889,58.70015
13,0,1.044847222,34.18738
13,4,0.741830556,51.64723
13,5,1.407558333,66.39205
13,8,0.955180556,67.78781
13,9,1.427630556,66.77837
13,10,1.147705556,57.91205
13,11,0.689388889,41.33982
13,12,1.583305556,85.45584
13,13,0,0
13,14,0.938966667,58.156
13,15,1.721741667,101.11992
13,16,1.362597222,65.82501
13,18,0.678647222,26.63288
13,22,0.624630556,40.24982
13,23,1.144705556,78.9245
13,25,0.785475,31.60809
13,26,0.620513889,18.61546
13,27,0.994788889,73.55466
13,28,1.196266667,72.30763
13,29,0.414508333,21.95324
13,30,1.065283333,67.93272
13,33,1.088652778,37.60577
13,34,0.859494444,58.0777
13,36,1.639861111,96.61323
13,37,1.916544444,104.91375
13,38,1.050877778,59.30057
13,40,0.765702778,48.77218
13,41,1.780694444,91.37752
13,43,1.075863889,31.5636
13,44,1.468830556,71.84116
13,48,1.180183333,54.40779
13,49,0.426536111,12.7961
13,50,0.545583333,33.78816
13,52,1.458111111,90.99539
13,54,1.064605556,32.58875
13,55,1.24275,69.16376
13,56,1.325202778,60.42292
13,58,0.991125,60.15889
13,60,1.303655556,66.51154
13,61,1.62055,75.78455
13,63,0.577183333,20.92409
13,64,0.441419444,21.28635
13,65,0.895752778,65.13638
13,66,0.942919444,50.81113
13,70,0.841486111,48.95748
13,71,0.440680556,14.08022
13,74,1.109644444,79.46796
13,76,0.847658333,57.41955
13,77,0.907538889,66.56122
13,78,0.187730556,9.24049
13,79,0.6491,43.30093
13,82,0.750452778,45.82194
13,83,0.368966667,24.12537
13,84,0.757638889,45.6277
13,85,1.074669444,68.99136
13,86,1.143125,72.25045
13,87,0.210825,10.64133
13,89,0.932827778,55.38663
13,100,0.766466667,53.86466
14,0,1.595844444,90.15494
14,4,0.536772222,35.59721
14,5,1.206991667,87.43859
14,8,0.571447222,24.30698
14,9,1.227063889,87.8249
14,10,0.741858333,32.6402
14,11,0.645986111,35.40231
14,12,1.346811111,63.78131
14,13,0.938966667,58.156
14,14,0,0
14,15,1.516683333,85.0699
14,16,1.162030556,86.87154
14,18,1.537869444,82.39651
14,22,0.457533333,24.52749
14,23,0.939644444,62.87448
14,25,1.242527778,59.21918
14,26,1.049344444,67.14844
14,27,0.758294444,51.88012
14,28,0.257308333,14.1522
14,29,0.792461111,44.24281
14,30,0.828788889,46.25819
14,33,1.510675,94.36641
14,34,0.408430556,14.38454
14,36,1.403369444,74.9387
14,37,1.68005,83.23921
14,38,0.435491667,13.73389
14,40,0.480536111,17.94021
14,41,1.5442,69.70298
14,43,1.110863889,64.02807
14,44,0.871666667,26.74866
14,48,0.979616667,75.45431
14,49,1.198186111,62.90646
14,50,0.561194444,28.19025
14,52,1.25305,74.94538
14,54,1.312280556,75.68701
14,55,0.303794444,11.00833
14,56,1.124636111,81.46945
14,58,0.947722222,54.22137
14,60,1.067161111,44.837
14,61,1.173797222,44.70063
14,63,1.097586111,64.59677
14,64,0.898472222,48.89743
14,65,0.659258333,43.46184
14,66,0.496166667,19.72719
14,70,0.553311111,24.69878
14,71,1.092022222,58.45096
14,74,0.87315,57.79343
14,76,0.611166667,35.74502
14,77,0.702477778,50.5112
14,78,0.866533333,52.37444
14,79,0.444038889,27.25091
14,82,0.307230556,13.94336
14,83,0.570005556,34.03089
14,84,0.714236111,39.69019
14,85,0.838175,47.31683
14,86,0.906633333,50.57591
14,87,1.070047222,66.40496
14,89,0.696333333,33.71209
14,100,0.561408333,37.81464
15,0,1.446636111,55.48512
15,4,0.979913889,49.4728
15,5,0.962322222,40.96571
15,8,1.526769444,94.40815
15,9,0.601122222,22.65141
15,10,1.675605556,88.39691
15,11,1.433388889,78.5482
15,12,1.9735,67.92522
15,13,1.721161111,101.08005
15,14,1.510555556,84.77634
15,15,0,0
15,16,0.927386111,40.76792
15,18,1.702836111,67.05826
15,22,1.244933333,67.67338
15,23,0.577108333,22.1989
15,25,2.024722222,102.14323
15,26,1.109375,46.54307
15,27,1.504202778,94.5944
15,28,1.767855556,98.92797
15,29,1.574652778,87.16686
15,30,1.41765,51.07867
15,33,1.276033333,48.26279
15,34,1.431080556,84.69804
15,36,2.149275,117.65298
15,37,2.415655556,80.39754
15,38,1.622466667,85.92091
15,40,1.337291667,75.39252
15,41,2.170888889,73.84688
15,43,1.170894444,43.42271
15,44,2.040419444,98.4615
15,48,0.851883333,35.59368
15,49,1.458241667,57.00909
15,50,1.348594444,71.33613
15,52,0.623580556,20.92294
15,54,1.372311111,55.08164
15,55,1.814338889,95.78409
15,56,0.871747222,34.67931
15,58,1.735125,97.36727
15,60,0.838219444,33.86668
15,61,2.177763889,103.46172
15,63,1.157613889,43.99141
15,64,1.680663889,91.82148
15,65,1.405166667,86.17613
15,66,1.514508333,77.43146
15,70,1.3509,69.99723
15,71,1.874216667,101.37501
15,74,1.619058333,100.50771
15,76,1.357072222,78.4593
15,77,0.814205556,34.55873
15,78,1.621655556,57.91271
15,79,1.07265,57.8195
15,82,1.322041667,72.44228
15,83,1.352197222,76.95495
15,84,1.501638889,82.83608
15,85,1.584083333,90.03111
15,86,1.652541667,93.2902
15,87,1.822952778,67.75875
15,89,1.209038889,44.9913
15,100,0.955275,47.25527
16,0,0.685516667,25.63427
16,4,0.622711111,51.242
16,5,0.247302778,14.54297
16,8,1.169566667,96.17734
16,9,0.326305556,18.11849
16,10,1.318402778,90.16611
16,11,1.076186111,80.31739
16,12,1.735516667,108.26478
16,13,1.360047222,65.79256
16,14,1.153352778,86.54553
16,15,0.927386111,40.76792
16,16,0,0
16,18,1.019933333,35.66684
16,22,0.887730556,69.44258
16,23,0.632477778,43.21455
16,25,1.667519444,103.91241
16,26,0.739575,47.17831
16,27,1.147,96.36359
16,28,1.410652778,100.69716
16,29,1.21745,88.93605
16,30,1.217494444,90.74166
16,33,0.514911111,18.41195
16,34,1.073880556,86.46723
16,36,1.792072222,119.42217
16,37,2.068755556,127.72269
16,38,1.265263889,87.69009
16,40,0.980088889,77.16171
16,41,1.932905556,114.18645
16,43,0.801091667,44.05794
16,44,1.683216667,100.2307
16,48,0.179866667,11.38497
16,49,1.088438889,57.64432
16,50,0.991391667,73.10533
16,52,0.696369444,30.3138
16,54,0.896405556,32.08141
16,55,1.457136111,97.55329
16,56,0.185388889,9.93792
16,58,1.377922222,99.13645
16,60,0.937675,60.13181
16,61,1.820561111,105.23091
16,63,0.787813889,44.62664
16,64,1.323461111,93.59067
16,65,1.047963889,87.94531
16,66,1.157305556,79.20066
16,70,0.993697222,71.76641
16,71,1.517013889,103.1442
16,74,1.261855556,102.2769
16,76,0.999869444,80.22849
16,77,0.457002778,36.32792
16,78,1.251855556,58.54795
16,79,0.715447222,59.5887
16,82,0.964838889,74.21147
16,83,0.994994444,78.72413
16,84,1.144436111,84.60527
16,85,1.226880556,91.8003
16,86,1.295338889,95.05938
16,87,1.453152778,68.39399
16,89,0.985997222,62.13897
16,100,0.598072222,49.02446
18,0,0.395733333,11.87204
18,4,1.106036111,52.06653
18,5,1.100969444,39.29273
18,8,1.554083333,92.02832
18,9,1.179972222,42.86825
18,10,1.746608333,82.15255
18,11,1.288291667,65.58033
18,12,2.182208333,109.69635
18,13,0.678647222,26.63288
18,14,1.537869444,82.39651
18,15,1.702836111,67.05826
18,16,1.019933333,35.66684
18,18,0,0
18,22,1.223533333,64.49033
18,23,1.1258,44.86284
18,25,1.384377778,55.8486
18,26,0.774658333,25.95111
18,27,1.593691667,97.79516
18,28,1.795169444,96.54814
18,29,1.013411111,46.19375
18,30,1.664186111,92.17323
18,33,0.505941667,17.28253
18,34,1.458397222,82.31821
18,36,2.238763889,120.85375
18,37,2.515447222,129.15426
18,38,1.649780556,83.54108
18,40,1.364605556,73.0127
18,41,2.379597222,115.61802
18,43,1.036627778,28.48706
18,44,2.067733333,96.08167
18,48,1.033533333,36.13473
18,49,0.480830556,14.38532
18,50,1.144486111,58.02868
18,52,1.439205556,56.93373
18,54,0.649727778,17.50536
18,55,1.841652778,93.40427
18,56,1.039055556,34.68768
18,58,1.590027778,84.3994
18,60,1.421,60.95634
18,61,2.219452778,100.02507
18,63,1.089575,35.38597
18,64,1.040322222,45.52686
18,65,1.494655556,89.37689
18,66,1.541822222,75.05163
18,70,1.440388889,73.19799
18,71,1.039583333,38.32073
18,74,1.708547222,103.70848
18,76,1.446561111,81.66006
18,77,0.940330556,37.15245
18,78,0.786633333,33.481
18,79,1.198772222,60.41323
18,82,1.349355556,70.06245
18,83,0.967869444,48.36588
18,84,1.356544444,69.86821
18,85,1.673572222,93.23188
18,86,1.742030556,96.49096
18,87,0.543458333,16.11208
18,89,1.469322222,62.9635
18,100,1.0814,49.849
22,0,1.324677778,72.7983
22,4,0.265605556,18.24057
22,5,0.935825,70.08194
22,8,0.440855556,29.73097
22,9,0.955897222,70.46825
22,10,0.666272222,24.28354
22,11,0.237652778,11.7652
22,12,1.107077778,52.04918
22,13,0.624630556,40.24982
22,14,0.457533333,24.52749
22,15,1.245516667,67.71326
22,16,0.890863889,69.51489
22,18,1.223533333,64.49033
22,22,0,0
22,23,0.668477778,45.51784
22,25,0.928191667,41.313
22,26,0.778177778,49.7918
22,27,0.518563889,40.14799
22,28,0.714830556,38.67912
22,29,0.478125,26.33663
22,30,0.589055556,34.52605
22,33,1.239508333,77.00976
22,34,0.345169444,20.02086
22,36,1.163636111,63.20657
22,37,1.440319444,71.50709
22,38,0.569444444,25.67206
22,40,0.251377778,10.71535
22,41,1.304466667,57.97085
22,43,0.839697222,46.67143
22,44,0.987397222,38.21266
22,48,0.70845,58.09767
22,49,0.88385,45.00029
22,50,0.152858333,4.55314
22,52,0.981883333,57.58873
22,54,1.041113889,58.33037
22,55,0.761316667,35.53525
22,56,0.853469444,64.1128
22,58,0.539388889,30.58426
22,60,0.827430556,33.10488
22,61,1.139113889,42.15605
22,63,0.826419444,47.24013
22,64,0.584136111,30.99126
22,65,0.419527778,31.72971
22,66,0.461486111,17.18262
22,70,0.365258333,15.55082
22,71,0.777688889,40.54478
22,74,0.633419444,46.0613
22,76,0.371433333,24.01289
22,77,0.431311111,33.15455
22,78,0.552197222,34.46827
22,79,0.172872222,9.89426
22,82,0.269019444,12.19343
22,83,0.255669444,16.12472
22,84,0.305902778,16.05308
22,85,0.598444444,35.5847
22,86,0.6669,38.84379
22,87,0.755711111,48.49879
22,89,0.456602778,21.97996
22,100,0.290241667,20.45799
23,0,1.078836111,47.35415
23,4,0.402875,27.27738
23,5,0.679988889,43.81405
23,8,0.949730556,72.21273
23,9,0.517972222,25.89877
23,10,1.098566667,66.20149
23,11,0.85635,56.35278
23,12,1.515680556,84.30017
23,13,1.144122222,78.88463
23,14,0.933516667,62.58092
23,15,0.577108333,22.1989
23,16,0.635025,43.247
23,18,1.1258,44.86284
23,22,0.667897222,45.47796
23,23,0,0
23,25,1.447683333,79.9478
23,26,0.532336111,24.34765
23,27,0.927163889,72.39898
23,28,1.190816667,76.73255
23,29,0.997616667,64.97144
23,30,0.997658333,66.77705
23,33,0.983672222,50.74187
23,34,0.854044444,62.50262
23,36,1.572238889,95.45756
23,37,1.848919444,103.75808
23,38,1.045427778,63.72548
23,40,0.760252778,53.1971
23,41,1.713069444,90.22184
23,43,0.593855556,21.22729
23,44,1.463380556,76.26609
23,48,0.452611111,31.82977
23,49,0.881202778,34.81367
23,50,0.771558333,49.14071
23,52,0.313475,12.07438
23,54,0.795272222,32.88622
23,55,1.2373,73.58868
23,56,0.597633333,37.84491
23,58,1.158086111,75.17184
23,60,0.507775,24.00101
23,61,1.600727778,81.2663
23,63,0.580577778,21.79599
23,64,1.103625,69.62606
23,65,0.828127778,63.9807
23,66,0.937469444,55.23604
23,70,0.773861111,47.8018
23,71,1.297177778,79.17959
23,74,1.042019444,78.31229
23,76,0.780036111,56.26388
23,77,0.237166667,12.36331
23,78,1.044619444,35.7173
23,79,0.495611111,35.62408
23,82,0.745002778,50.24686
23,83,0.775161111,54.75952
23,84,0.9246,60.64066
23,85,1.007044444,67.83569
23,86,1.075502778,71.09477
23,87,1.245913889,45.56333
23,89,0.766161111,38.17436
23,100,0.378236111,25.05985
25,0,1.663005556,57.74983
25,4,1.045391667,52.71041
25,5,1.715611111,104.55178
25,8,1.258741667,68.85098
25,9,1.735683333,104.93809
25,10,1.451266667,58.97522
25,11,0.99295,42.403
25,12,1.886863889,86.51902
25,13,0.785475,31.60809
25,14,1.242527778,59.21918
25,15,2.025302778,102.18309
25,16,1.67065,103.98473
25,18,1.384377778,55.8486
25,22,0.928191667,41.313
25,23,1.448266667,79.98768
25,25,0,0
25,26,1.238672222,42.17791
25,27,1.29835,74.61783
25,28,1.499827778,73.3708
25,29,0.718069444,23.01642
25,30,1.368841667,68.9959
25,33,1.706813889,61.16823
25,34,1.163052778,59.14088
25,36,1.943422222,97.67641
25,37,2.220105556,105.97692
25,38,1.354438889,60.36374
25,40,1.069263889,49.83536
25,41,2.084252778,92.44069
25,43,1.619486111,81.14127
25,44,1.772391667,72.90434
25,48,1.488236111,92.56751
25,49,1.044694444,36.35855
25,50,0.849144444,34.85134
25,52,1.761672222,92.05856
25,54,1.682766667,56.15121
25,55,1.546311111,70.22693
25,56,1.633258333,98.58264
25,58,0.972194444,38.67677
25,60,1.607216667,67.57471
25,61,1.924111111,76.84773
25,63,1.073711111,35.48523
25,64,0.344058333,10.32181
25,65,1.199313889,66.19955
25,66,1.246480556,51.8743
25,70,1.145047222,50.02066
25,71,0.643166667,14.29899
25,74,1.413205556,80.53114
25,76,1.151219444,58.48273
25,77,1.2111,67.62439
25,78,0.713041667,25.82653
25,79,0.952661111,44.3641
25,82,1.054013889,46.88511
25,83,0.672525,25.18854
25,84,1.0612,46.69088
25,85,1.378230556,70.05454
25,86,1.446686111,73.31363
25,87,0.916555556,39.85705
25,89,1.236388889,56.4498
25,100,1.070027778,54.92783
26,0,0.727697222,28.44242
26,4,0.512575,31.55134
26,5,0.787083333,47.7778
26,8,1.059430556,76.48669
26,9,0.807155556,48.16411
26,10,1.208266667,70.47545
26,11,0.96605,60.62673
26,12,1.625380556,88.57413
26,13,0.620513889,18.61546
26,14,1.043216667,66.85488
26,15,1.109375,46.54307
26,16,0.742122222,47.21075
26,18,0.774658333,25.95111
26,22,0.777594444,49.75193
26,23,0.532336111,24.34765
26,25,1.238672222,42.17791
26,26,0,0
26,27,1.036863889,76.67295
26,28,1.300516667,81.00651
26,29,0.867705556,32.52307
26,30,1.107358333,71.05101
26,33,0.771502778,31.86082
26,34,0.963744444,66.77658
26,36,1.681936111,99.73152
26,37,1.958619444,108.03203
26,38,1.155127778,67.99945
26,40,0.869952778,57.47106
26,41,1.822769444,94.4958
26,43,0.455388889,12.94934
26,44,1.573080556,80.54004
26,48,0.559708333,35.79353
26,49,0.348905556,10.46722
26,50,0.881258333,53.41468
26,52,0.845741667,36.41854
26,54,0.444130556,13.9745
26,55,1.347,77.86263
26,56,0.704730556,41.80866
26,58,1.267786111,79.4458
26,60,0.827538889,40.44116
26,61,1.710425,85.54027
26,63,0.412638889,12.35342
26,64,0.894616667,31.85617
26,65,0.937827778,68.25466
26,66,1.047169444,59.51
26,70,0.883561111,52.07577
26,71,0.895163889,27.89905
26,74,1.151719444,82.58625
26,76,0.889733333,60.53784
26,77,0.346866667,16.63727
26,78,0.640927778,19.81031
26,79,0.605311111,39.89804
26,82,0.854702778,54.52082
26,83,0.822163889,34.6952
26,84,1.0343,64.91462
26,85,1.116744444,72.10965
26,86,1.185202778,75.36873
26,87,0.713619444,21.21688
26,89,0.875861111,42.44832
26,100,0.487936111,29.33381
27,0,1.577011111,99.13927
27,4,0.517938889,44.58154
27,5,1.188158333,96.42291
27,8,0.796786111,65.62408
27,9,1.208230556,96.80922
27,10,0.583738889,28.85174
27,11,0.707016667,51.0228
27,12,0.670461111,23.8216
27,13,0.994788889,73.55466
27,14,0.758294444,51.88012
27,15,1.49785,94.05423
27,16,1.143197222,95.85586
27,18,1.593691667,97.79516
27,22,0.518563889,40.14799
27,23,0.920811111,71.8588
27,25,1.29835,74.61783
27,26,1.030511111,76.13277
27,27,0,0
27,28,1.015594444,66.03175
27,29,0.848283333,59.64147
27,30,0.351791667,18.28906
27,33,1.491841667,103.35073
27,34,0.7011,55.91396
27,36,0.645097222,23.06064
27,37,0.921777778,31.36116
27,38,0.787775,35.86874
27,40,0.607308333,46.60845
27,41,0.995147222,35.60881
27,43,1.092030556,73.0124
27,44,1.205727778,48.40934
27,48,0.960783333,84.43863
27,49,1.254008333,78.30513
27,50,0.622225,43.81074
27,52,1.234216667,83.9297
27,54,1.293447222,84.67134
27,55,1.062080556,62.88788
27,56,1.105802778,90.45377
27,58,1.008752778,69.84187
27,60,0.901911111,43.36669
27,61,0.890094444,30.39467
27,63,1.078752778,73.5811
27,64,0.954294444,64.29609
27,65,0.099044444,8.41891
27,66,0.76225,44.53525
27,70,0.487261111,30.5328
27,71,1.147847222,73.84962
27,74,0.114880556,5.91537
27,76,0.265205556,18.91413
27,77,0.683644444,59.49552
27,78,0.922355556,67.7731
27,79,0.425205556,36.23523
27,82,0.591266667,41.05689
27,83,0.625827778,49.42955
27,84,0.775269444,55.31068
27,85,0.33295,16.94823
27,86,0.357580556,16.48174
27,87,1.125869444,81.80363
27,89,0.531083333,32.24178
27,100,0.542575,46.79896
28,0,1.853144444,104.30657
28,4,0.794072222,49.74884
28,5,1.464291667,101.59021
28,8,0.47335,15.33079
28,9,1.484363889,101.97652
28,10,0.999158333,46.79183
28,11,0.903286111,49.55393
28,12,1.604111111,77.93294
28,13,1.196266667,72.30763
28,14,0.257308333,14.1522
28,15,1.773983333,99.22153
28,16,1.419330556,101.02316
28,18,1.795169444,96.54814
28,22,0.714830556,38.67912
28,23,1.196944444,77.02611
28,25,1.499827778,73.3708
28,26,1.306644444,81.30007
28,27,1.015594444,66.03175
28,28,0,0
28,29,1.049758333,58.39444
28,30,1.086088889,60.40981
28,33,1.767975,108.51803
28,34,0.576808333,22.72937
28,36,1.660666667,89.09033
28,37,1.93735,97.39084
28,38,0.692791667,27.88552
28,40,0.692577778,29.60268
28,41,1.8015,83.85461
28,43,1.368163889,78.1797
28,44,0.917058333,33.9657
28,48,1.236916667,89.60594
28,49,1.455486111,77.05809
28,50,0.818494444,42.34188
28,52,1.51035,89.097
28,54,1.569580556,89.83864
28,55,0.333041667,16.81864
28,56,1.381936111,95.62108
28,58,0.713294444,41.11593
28,60,1.324461111,58.98863
28,61,1.425377778,50.05319
28,63,1.354886111,78.74841
28,64,1.155769444,63.04906
28,65,0.916558333,57.61347
28,66,0.753466667,33.87882
28,70,0.810611111,38.85041
28,71,1.349322222,72.60259
28,74,1.13045,71.94505
28,76,0.868463889,49.89665
28,77,0.959777778,64.66282
28,78,1.123830556,66.52607
28,79,0.701338889,41.40254
28,82,0.564530556,28.09499
28,83,0.827302778,48.18252
28,84,0.966402778,33.02998
28,85,1.095475,61.46846
28,86,1.163930556,64.72754
28,87,1.327344444,80.55659
28,89,0.953633333,47.86372
28,100,0.818708333,51.96626
29,0,1.292038889,48.09498
29,4,0.595325,37.73404
29,5,1.265544444,89.57541
29,8,0.808675,53.87462
29,9,1.285616667,89.96173
29,10,1.0012,43.99886
29,11,0.542883333,27.42663
29,12,1.436797222,71.54266
29,13,0.414508333,21.95324
29,14,0.792461111,44.24281
29,15,1.575236111,87.20673
29,16,1.220583333,89.00837
29,18,1.013411111,46.19375
29,22,0.478125,26.33663
29,23,0.998197222,65.01131
29,25,0.718069444,23.01642
29,26,0.867705556,32.52307
29,27,0.848283333,59.64147
29,28,1.049758333,58.39444
29,29,0,0
29,30,0.918775,54.01953
29,33,1.335844444,51.51338
29,34,0.712986111,44.16451
29,36,1.493355556,82.70005
29,37,1.770038889,91.00056
29,38,0.904372222,45.38738
29,40,0.619194444,34.859
29,41,1.634186111,77.46433
29,43,1.169416667,66.16491
29,44,1.322325,57.92798
29,48,1.038169444,77.59114
29,49,0.673727778,26.70371
29,50,0.399077778,19.87498
29,52,1.311602778,77.0822
29,54,1.311797222,46.49636
29,55,1.096244444,55.25057
29,56,1.183188889,83.60628
29,58,0.844619444,46.2457
29,60,1.157147222,52.59835
29,61,1.474041667,61.87137
29,63,0.702741667,25.83039
29,64,0.374011111,12.69468
29,65,0.749247222,51.22319
29,66,0.796413889,36.89794
29,70,0.694977778,35.04429
29,71,0.567563889,22.2482
29,74,0.963138889,65.55477
29,76,0.701152778,43.50637
29,77,0.761030556,52.64803
29,78,0.342072222,16.17168
29,79,0.502591667,29.38774
29,82,0.603947222,31.90875
29,83,0.222458333,10.21218
29,84,0.611133333,31.71451
29,85,0.928163889,55.07818
29,86,0.996619444,58.33726
29,87,0.545586111,30.20221
29,89,0.786322222,41.47344
29,100,0.619961111,39.95147
30,0,1.647505556,93.51733
30,4,0.588430556,38.9596
30,5,1.25865,90.80097
30,8,0.867280556,60.00214
30,9,1.278722222,91.18728
30,10,0.654230556,23.22981
30,11,0.777511111,45.40087
30,12,0.613852778,18.24462
30,13,1.065283333,67.93272
30,14,0.828788889,46.25819
30,15,1.41765,51.07867
30,16,1.213688889,90.23392
30,18,1.664186111,92.17323
30,22,0.589055556,34.52605
30,23,0.991305556,66.23687
30,25,1.368841667,68.9959
30,26,1.101002778,70.51083
30,27,0.351791667,18.28906
30,28,1.086088889,60.40981
30,29,0.918775,54.01953
30,30,0,0
30,33,1.562333333,97.72879
30,34,0.771591667,50.29203
30,36,0.996863889,41.34764
30,37,1.056005556,30.71695
30,38,0.858269444,30.24681
30,40,0.6778,40.98651
30,41,0.811241667,24.16629
30,43,1.162522222,67.39046
30,44,1.276222222,42.78741
30,48,1.031275,78.8167
30,49,1.3245,72.68319
30,50,0.692716667,38.18881
30,52,1.154019444,40.95414
30,54,1.363938889,79.0494
30,55,1.132572222,57.26594
30,56,1.176294444,84.83184
30,58,1.079247222,64.21993
30,60,0.579441667,17.21227
30,61,1.080605556,33.19383
30,63,1.149244444,67.95916
30,64,1.024786111,58.67415
30,65,0.252755556,9.87078
30,66,0.832741667,38.91331
30,70,0.557752778,24.91086
30,71,1.218338889,68.22768
30,74,0.466647222,24.20237
30,76,0.335697222,13.29219
30,77,0.754136111,53.87359
30,78,0.992847222,62.15116
30,79,0.4957,30.61329
30,82,0.661758333,35.43496
30,83,0.696319444,43.80762
30,84,0.845761111,49.68875
30,85,0.431672222,13.72576
30,86,0.31145,9.17255
30,87,1.196361111,76.18169
30,89,0.453022222,13.4197
30,100,0.613066667,41.17702
33,0,0.171525,7.24997
33,4,0.971355556,58.73686
33,5,0.595947222,22.03784
33,8,1.518211111,103.67221
33,9,0.67495,25.61336
33,10,1.66705,97.66098
33,11,1.424830556,87.81226
33,12,2.084161111,115.75965
33,13,1.088652778,37.60577
33,14,1.501997222,94.0404
33,15,1.276033333,48.26279
33,16,0.514911111,18.41195
33,18,0.505941667,17.28253
33,22,1.236377778,76.93745
33,23,0.981122222,50.70943
33,25,1.706813889,61.16823
33,26,0.771502778,31.86082
33,27,1.495647222,103.85846
33,28,1.759297222,108.19203
33,29,1.335844444,51.51338
33,30,1.566138889,98.23653
33,33,0,0
33,34,1.422525,93.9621
33,36,2.140719444,126.91705
33,37,2.4174,135.21756
33,38,1.613911111,95.18497
33,40,1.328733333,84.65659
33,41,2.28155,121.68132
33,43,0.999280556,29.36399
33,44,2.031863889,107.72556
33,48,0.528511111,18.87984
33,49,0.662130556,24.81002
33,50,1.340038889,80.6002
33,52,1.045013889,37.80867
33,54,0.382413889,13.69711
33,55,1.805783333,105.04816
33,56,0.534036111,17.43279
33,58,1.726566667,106.63132
33,60,1.286319444,67.62668
33,61,2.169208333,112.72578
33,63,1.086419444,41.29568
33,64,1.362755556,50.84648
33,65,1.396608333,95.44019
33,66,1.505952778,86.69552
33,70,1.342341667,79.26129
33,71,1.363302778,46.88937
33,74,1.610502778,109.77177
33,76,1.348516667,87.72336
33,77,0.805647222,43.82279
33,78,1.109066667,38.80063
33,79,1.064091667,67.08356
33,82,1.313486111,81.70634
33,83,1.290302778,53.68551
33,84,1.493083333,92.10014
33,85,1.575527778,99.29517
33,86,1.643983333,102.55426
33,87,0.988938889,31.54106
33,89,1.334641667,69.63384
33,100,0.946719444,56.51934
34,0,1.516194444,90.07087
34,4,0.457119444,35.51314
34,5,1.127341667,87.35452
34,8,0.163047222,9.92457
34,9,1.147411111,87.74082
34,10,0.832194444,41.0558
34,11,0.539311111,31.82338
34,12,1.289436111,67.80938
34,13,0.859313889,58.07193
34,14,0.408430556,14.38454
34,15,1.437030556,84.98583
34,16,1.082377778,86.78746
34,18,1.458216667,82.31244
34,22,0.344991667,20.01509
34,23,0.859994444,62.79041
34,25,1.162875,59.1351
34,26,0.969694444,67.06437
34,27,0.700922222,55.90819
34,28,0.576808333,22.72937
34,29,0.712808333,44.15874
34,30,0.771413889,50.28626
34,33,1.431025,94.28234
34,34,0,0
34,36,1.345994444,78.96677
34,37,1.622675,87.26729
34,38,0.694463889,36.63223
34,40,0.161572222,9.3712
34,41,1.486825,73.73105
34,43,1.031213889,63.944
34,44,1.112416667,49.17283
34,48,0.899963889,75.37024
34,49,1.118533333,62.82239
34,50,0.454519444,24.61132
34,52,1.1734,74.8613
34,54,1.232627778,75.60294
34,55,0.666958333,22.90314
34,56,1.044986111,81.38538
34,58,0.588783333,42.31991
34,60,1.009786111,48.86507
34,61,1.264133333,53.11622
34,63,1.017933333,64.5127
34,64,0.818819444,48.81336
34,65,0.601883333,47.48991
34,66,0.586505556,28.14279
34,70,0.547616667,31.31102
34,71,1.012372222,58.36689
34,74,0.815775,61.8215
34,76,0.553791667,39.77309
34,77,0.622827778,50.42713
34,78,0.786880556,52.29037
34,79,0.364388889,27.16684
34,82,0.394038889,23.15361
34,83,0.490352778,33.94682
34,84,0.495655556,17.18355
34,85,0.780802778,51.3449
34,86,0.849258333,54.60398
34,87,0.990394444,66.32089
34,89,0.638961111,37.74016
34,100,0.481755556,37.73056
36,0,2.222083333,122.19784
36,4,1.163011111,67.64012
36,5,1.833230556,119.48148
36,8,1.441858333,88.68266
36,9,1.853302778,119.8678
36,10,1.228808333,51.91032
36,11,1.352088889,74.08138
36,12,0.416816667,12.50451
36,13,1.639861111,96.61323
36,14,1.403369444,74.9387
36,15,2.142922222,117.1128
36,16,1.788269444,118.91444
36,18,2.238763889,120.85375
36,22,1.163636111,63.20657
36,23,1.565883333,94.91738
36,25,1.943422222,97.67641
36,26,1.675583333,99.19134
36,27,0.645097222,23.06064
36,28,1.660666667,89.09033
36,29,1.493355556,82.70005
36,30,0.996863889,41.34764
36,33,2.136913889,126.40931
36,34,1.346172222,78.97255
36,36,0,0
36,37,0.276705556,8.30116
36,38,1.432847222,58.92732
36,40,1.252380556,69.66703
36,41,0.942802778,28.2842
36,43,1.737102778,96.07098
36,44,1.8508,71.46792
36,48,1.605855556,107.49722
36,49,1.899080556,101.3637
36,50,1.267297222,66.86933
36,52,1.879288889,106.98827
36,54,1.938519444,107.72991
36,55,1.707152778,85.94646
36,56,1.750875,113.51235
36,58,1.653825,92.90045
36,60,1.546983333,66.42527
36,61,1.399194444,41.89502
36,63,1.723825,96.63968
36,64,1.599366667,87.35467
36,65,0.744116667,31.47749
36,66,1.407322222,67.59383
36,70,1.132333333,53.59138
36,71,1.792916667,96.9082
36,74,0.638052778,18.90794
36,76,0.910277778,41.97271
36,77,1.328716667,82.5541
36,78,1.567427778,90.83168
36,79,1.070277778,59.29381
36,82,1.236338889,64.11547
36,83,1.2709,72.48813
36,84,1.420341667,78.36927
36,85,0.978022222,40.00681
36,86,0.864552778,25.93669
36,87,1.770941667,104.8622
36,89,1.176155556,55.30036
36,100,1.187647222,69.85754
37,0,2.498766667,130.49836
37,4,1.439694444,75.94063
37,5,2.109913889,127.782
37,8,1.718541667,96.98316
37,9,2.129983333,128.16831
37,10,1.505491667,60.21084
37,11,1.628772222,82.3819
37,12,0.442233333,12.47476
37,13,1.916544444,104.91375
37,14,1.68005,83.23921
37,15,2.415655556,80.39754
37,16,2.064952778,127.21495
37,18,2.515447222,129.15426
37,22,1.440319444,71.50709
37,23,1.842566667,103.2179
37,25,2.220105556,105.97692
37,26,1.952266667,107.49186
37,27,0.921777778,31.36116
37,28,1.93735,97.39084
37,29,1.770038889,91.00056
37,30,1.056005556,30.71695
37,33,2.413597222,134.70983
37,34,1.622852778,87.27305
37,36,0.276705556,8.30116
37,37,0,0
37,38,1.709530556,67.22784
37,40,1.529063889,77.96754
37,41,0.968222222,28.25445
37,43,2.013786111,104.37149
37,44,2.127483333,79.76844
37,48,1.882536111,115.79773
37,49,2.175763889,109.66422
37,50,1.543980556,75.16984
37,52,2.152022222,70.27302
37,54,2.215202778,116.03043
37,55,1.983833333,94.24697
37,56,2.027558333,121.81286
37,58,1.930508333,101.20096
37,60,1.577444444,46.53115
37,61,1.675875,50.19554
37,63,2.000505556,104.94019
37,64,1.87605,95.65518
37,65,1.0208,39.778
37,66,1.684002778,75.89434
37,70,1.409016667,61.89189
37,71,2.0696,105.2087
37,74,0.914733333,27.20845
37,76,1.186958333,50.27322
37,77,1.6054,90.85461
37,78,1.844108333,99.13219
37,79,1.346961111,67.59432
37,82,1.513019444,72.41598
37,83,1.547583333,80.78864
37,84,1.697022222,86.66977
37,85,1.254705556,48.30732
37,86,0.889972222,25.90694
37,87,2.047622222,113.16271
37,89,1.451025,42.73857
37,100,1.464330556,78.15805
38,0,1.707758333,91.29951
38,4,0.648683333,36.74178
38,5,1.318902778,88.58315
38,8,0.790327778,46.34811
38,9,1.338975,88.96946
38,10,0.350977778,11.42517
38,11,0.757897222,36.54687
38,12,1.376291667,47.76993
38,13,1.050877778,59.30057
38,14,0.435491667,13.73389
38,15,1.628594444,86.21447
38,16,1.273941667,88.0161
38,18,1.649780556,83.54108
38,22,0.569444444,25.67206
38,23,1.051558333,64.01905
38,25,1.354438889,60.36374
38,26,1.161255556,68.29301
38,27,0.787775,35.86874
38,28,0.692791667,27.88552
38,29,0.904372222,45.38738
38,30,0.858269444,30.24681
38,33,1.622588889,95.51097
38,34,0.694641667,36.638
38,36,1.432847222,58.92732
38,37,1.709530556,67.22784
38,38,0,0
38,40,0.60085,27.33249
38,41,1.573680556,53.6916
38,43,1.222775,65.17264
38,44,0.526630556,15.79698
38,48,1.091527778,76.59888
38,49,1.310097222,64.05103
38,50,0.673105556,29.33481
38,52,1.364963889,76.08994
38,54,1.424191667,76.83158
38,55,0.739277778,24.74165
38,56,1.23655,82.61402
38,58,1.059633333,55.36594
38,60,1.179072222,45.98157
38,61,0.782916667,23.48559
38,63,1.209497222,65.74134
38,64,1.010383333,50.042
38,65,0.688738889,27.45046
38,66,0.367411111,10.29989
38,70,0.634519444,22.24962
38,71,1.203936111,59.59552
38,74,0.902630556,41.78205
38,76,0.586705556,17.91471
38,77,0.814388889,51.65576
38,78,0.978444444,53.51901
38,79,0.555952778,28.39547
38,82,0.461366667,17.41029
38,83,0.681916667,35.17546
38,84,0.82615,40.83475
38,85,0.649636111,19.48716
38,86,0.936113889,34.56454
38,87,1.181958333,67.54953
38,89,0.808247222,34.85666
38,100,0.673319444,38.9592
40,0,1.422205556,80.76016
40,4,0.363133333,26.20244
40,5,1.033352778,78.0438
40,8,0.285161111,21.88612
40,9,1.053422222,78.43012
40,10,0.738205556,31.7451
40,11,0.445322222,22.51268
40,12,1.195447222,58.49868
40,13,0.765327778,48.76122
40,14,0.488561111,26.17696
40,15,1.343044444,75.67513
40,16,0.988391667,77.47676
40,18,1.364230556,73.00173
40,22,0.251002778,10.70439
40,23,0.766005556,53.47971
40,25,1.068888889,49.8244
40,26,0.875705556,57.75366
40,27,0.606933333,46.59749
40,28,0.720477778,32.40748
40,29,0.618819444,34.84804
40,30,0.677425,40.97555
40,33,1.337036111,84.97163
40,34,0.189472222,12.176
40,36,1.252005556,69.65607
40,37,1.528686111,77.95658
40,38,0.600475,27.32153
40,40,0,0
40,41,1.392836111,64.42035
40,43,0.937225,54.6333
40,44,1.018427778,39.86213
40,48,0.805975,66.05954
40,49,1.024544444,53.51169
40,50,0.360530556,15.30062
40,52,1.079411111,65.55059
40,54,1.138641667,66.29223
40,55,0.766961111,29.26361
40,56,0.950997222,72.07467
40,58,0.682236111,52.51526
40,60,0.915797222,39.55437
40,61,1.170144444,43.80552
40,63,0.923944444,55.202
40,64,0.724830556,39.50266
40,65,0.507897222,38.17921
40,66,0.492516667,18.83209
40,70,0.453627778,22.00031
40,71,0.918383333,49.05618
40,74,0.721788889,52.5108
40,76,0.459802778,30.46239
40,77,0.528838889,41.11642
40,78,0.692891667,42.97966
40,79,0.2704,17.85613
40,82,0.30005,13.8429
40,83,0.396363889,24.63612
40,84,0.513572222,26.80056
40,85,0.686813889,42.0342
40,86,0.755269444,45.29328
40,87,0.896405556,57.01019
40,89,0.544972222,28.42946
40,100,0.387769444,28.41986
41,0,2.362916667,116.96213
41,4,1.303841667,62.40439
41,5,1.974061111,114.24577
41,8,1.582691667,83.44693
41,9,1.994133333,114.63208
41,10,1.369641667,46.6746
41,11,1.492922222,68.84566
41,12,0.526066667,15.78212
41,13,1.780694444,91.37752
41,14,1.5442,69.70298
41,15,2.170888889,73.84688
41,16,1.9291,113.67872
41,18,2.379597222,115.61802
41,22,1.304466667,57.97085
41,23,1.706713889,89.68166
41,25,2.084252778,92.44069
41,26,1.816413889,93.95563
41,27,0.995147222,35.60881
41,28,1.8015,83.85461
41,29,1.634186111,77.46433
41,30,0.811241667,24.16629
41,33,2.277744444,121.17359
41,34,1.487002778,73.73682
41,36,0.942802778,28.2842
41,37,0.968222222,28.25445
41,38,1.573680556,53.6916
41,40,1.393211111,64.4313
41,41,0,0
41,43,1.877933333,90.83526
41,44,1.991633333,66.2322
41,48,1.746686111,102.26149
41,49,2.039911111,96.12798
41,50,1.408127778,61.6336
41,52,1.907258333,63.72236
41,54,2.07935,102.4942
41,55,1.847983333,80.71073
41,56,1.891705556,108.27663
41,58,1.794658333,87.66473
41,60,1.332680556,39.98049
41,61,1.767788889,54.23915
41,63,1.864655556,91.40395
41,64,1.740197222,82.11895
41,65,0.896108333,27.19053
41,66,1.548152778,62.35811
41,70,1.273163889,48.35565
41,71,1.93375,91.67247
41,74,1.01785,30.30201
41,76,1.051108333,36.73699
41,77,1.469547222,77.31838
41,78,1.708258333,85.59595
41,79,1.211111111,54.05809
41,82,1.377169444,58.87975
41,83,1.411730556,67.25241
41,84,1.561172222,73.13354
41,85,1.118855556,34.77109
41,86,0.645208333,19.35629
41,87,1.911772222,99.62648
41,89,1.206261111,36.18792
41,100,1.328477778,64.62182
43,0,0.955475,25.94559
43,4,0.574094444,28.43097
43,5,0.848602778,44.65743
43,8,1.12095,73.36632
43,9,0.868675,45.04374
43,10,1.269786111,67.35509
43,11,1.027569444,57.50637
43,12,1.6869,85.45377
43,13,1.075863889,31.5636
43,14,1.104736111,63.73451
43,15,1.170894444,43.42271
43,16,0.803641667,44.09039
43,18,1.036627778,28.48706
43,22,0.839113889,46.63156
43,23,0.593855556,21.22729
43,25,1.618902778,81.1014
43,26,0.455388889,12.94934
43,27,1.098383333,73.55258
43,28,1.362036111,77.88614
43,29,1.168833333,66.12503
43,30,1.168877778,67.93064
43,33,0.999280556,29.36399
43,34,1.025263889,63.65621
43,36,1.743455556,96.61116
43,37,2.020138889,104.91166
43,38,1.216647222,64.87908
43,40,0.931472222,54.3507
43,41,1.884288889,91.37543
43,43,0,0
43,44,1.6346,77.41967
43,48,0.621227778,32.67316
43,49,0.804255556,23.41536
43,50,0.942777778,50.29431
43,52,0.907261111,33.29818
43,54,0.616877778,15.66722
43,55,1.408519444,74.74227
43,56,0.76625,38.6883
43,58,1.329305556,76.32544
43,60,0.889055556,37.32079
43,61,1.771944444,82.4199
43,63,0.690838889,19.75818
43,64,1.274844444,70.77966
43,65,0.999347222,65.1343
43,66,1.108688889,56.38964
43,70,0.945080556,48.9554
43,71,1.350513889,40.8472
43,74,1.213238889,79.46588
43,76,0.951252778,57.41748
43,77,0.408386111,13.5169
43,78,1.096277778,32.75846
43,79,0.666830556,36.77768
43,82,0.916222222,51.40045
43,83,0.946377778,55.91312
43,84,1.095819444,61.79425
43,85,1.178263889,68.98928
43,86,1.246722222,72.24837
43,87,1.168969444,34.16502
43,89,0.937380556,39.32795
43,100,0.549455556,26.21345
44,0,2.125711111,103.8401
44,4,1.066636111,49.28238
44,5,1.736855556,101.12375
44,8,1.208280556,58.88871
44,9,1.756927778,101.51006
44,10,0.768930556,23.96577
44,11,1.17585,49.08747
44,12,1.794244444,60.31053
44,13,1.468830556,71.84116
44,14,0.871666667,26.74866
44,15,2.046547222,98.75506
44,16,1.691894444,100.5567
44,18,2.067733333,96.08167
44,22,0.987397222,38.21266
44,23,1.469508333,76.55965
44,25,1.772391667,72.90434
44,26,1.579208333,80.8336
44,27,1.205727778,48.40934
44,28,0.917058333,33.9657
44,29,1.322325,57.92798
44,30,1.276222222,42.78741
44,33,2.040538889,108.05157
44,34,1.112591667,49.1786
44,36,1.8508,71.46792
44,37,2.127483333,79.76844
44,38,0.526630556,15.79698
44,40,1.018802778,39.87309
44,41,1.991633333,66.2322
44,43,1.640727778,77.71324
44,44,0,0
44,48,1.509480556,89.13948
44,49,1.72805,76.59163
44,50,1.091058333,41.87541
44,52,1.782913889,88.63054
44,54,1.842144444,89.37217
44,55,0.621363889,19.0144
44,56,1.6545,95.15461
44,58,1.477586111,67.90654
44,60,1.597025,58.52217
44,61,0.508319444,16.08753
44,63,1.62745,78.28194
44,64,1.428336111,62.5826
44,65,1.106691667,39.99106
44,66,0.785363889,22.84049
44,70,1.052472222,34.79022
44,71,1.621886111,72.13613
44,74,1.316247222,40.07579
44,76,1.004658333,30.45531
44,77,1.232341667,64.19636
44,78,1.396397222,66.05961
44,79,0.973902778,40.93607
44,82,0.879319444,29.95089
44,83,1.099869444,47.71606
44,84,1.244102778,53.37535
44,85,1.067588889,32.02776
44,86,1.354066667,47.10513
44,87,1.599911111,80.09013
44,89,1.2262,47.39726
44,100,1.091272222,51.4998
48,0,0.701666667,26.13461
48,4,0.442844444,39.85721
48,5,0.227377778,11.98446
48,8,0.989702778,84.79255
48,9,0.24745,12.37077
48,10,1.138538889,78.78133
48,11,0.896319444,68.93261
48,12,1.55565,96.88
48,13,1.180183333,54.40779
48,14,0.973488889,75.16075
48,15,0.848530556,35.0202
48,16,0.182416667,11.41741
48,18,1.036083333,36.16717
48,22,0.707866667,58.0578
48,23,0.452611111,31.82977
48,25,1.487652778,92.52763
48,26,0.559708333,35.79353
48,27,0.967136111,84.97881
48,28,1.230786111,89.31238
48,29,1.037586111,77.55127
48,30,1.037627778,79.35688
48,33,0.531061111,18.91228
48,34,0.894013889,75.08245
48,36,1.612208333,108.03739
48,37,1.888891667,116.33791
48,38,1.0854,76.30531
48,40,0.800222222,65.77693
48,41,1.753038889,102.80167
48,43,0.621227778,32.67316
48,44,1.503352778,88.84591
48,48,0,0
48,49,0.908575,46.25954
48,50,0.811527778,61.72055
48,52,0.617511111,24.56607
48,54,0.822644444,44.3321
48,55,1.277272222,86.16851
48,56,0.145022222,6.01532
48,58,1.198055556,87.75167
48,60,0.757808333,48.74703
48,61,1.640697222,93.84613
48,63,0.60795,33.24186
48,64,1.143597222,82.20589
48,65,0.8681,76.56053
48,66,0.977441667,67.81588
48,70,0.813830556,60.38164
48,71,1.33715,91.75941
48,74,1.081991667,90.89212
48,76,0.820005556,68.84371
48,77,0.277138889,24.94314
48,78,1.071991667,47.16317
48,79,0.535580556,48.20391
48,82,0.784975,62.82669
48,83,0.815130556,67.33935
48,84,0.964572222,73.22048
48,85,1.047016667,80.41552
48,86,1.115472222,83.6746
48,87,1.273288889,57.00921
48,89,0.806130556,50.75419
48,100,0.418208333,37.63968
49,0,0.618322222,21.39162
49,4,0.861441667,42.01736
49,5,1.13595,58.24382
49,8,1.2144,72.53827
49,9,1.156022222,58.63013
49,10,1.406925,62.66252
49,11,0.948608333,46.09029
49,12,1.842522222,90.20631
49,13,0.426536111,12.7961
49,14,1.198186111,62.90646
49,15,1.458241667,57.00909
49,16,1.090988889,57.67677
49,18,0.480830556,14.38532
49,22,0.88385,45.00029
49,23,0.881202778,34.81367
49,25,1.044694444,36.35855
49,26,0.348905556,10.46722
49,27,1.254008333,78.30513
49,28,1.455486111,77.05809
49,29,0.673727778,26.70371
49,30,1.3245,72.68319
49,33,0.662130556,24.81002
49,34,1.118711111,62.82816
49,36,1.899080556,101.3637
49,37,2.175763889,109.66422
49,38,1.310097222,64.05103
49,40,1.024922222,53.52265
49,41,2.039911111,96.12798
49,43,0.804255556,23.41536
49,44,1.72805,76.59163
49,48,0.908575,46.25954
49,49,0,0
49,50,0.804802778,38.53863
49,52,1.194608333,46.88456
49,54,0.712580556,19.39095
49,55,1.501969444,73.91423
49,56,1.053597222,52.27468
49,58,1.250344444,64.90936
49,60,1.176405556,50.90717
49,61,1.879769444,80.53502
49,63,0.761505556,22.81943
49,64,0.700638889,26.03681
49,65,1.154972222,69.88684
49,66,1.202138889,55.56159
49,70,1.100702778,53.70795
49,71,0.701183333,22.0797
49,74,1.368863889,84.21843
49,76,1.106877778,62.17002
49,77,0.695733333,27.10329
49,78,0.44695,13.99095
49,79,0.908319444,48.05139
49,82,1.009672222,50.57241
49,83,0.628183333,28.87583
49,84,1.016858333,50.37817
49,85,1.333888889,73.74183
49,86,1.402344444,77.00091
49,87,0.495558333,14.67505
49,89,1.192047222,60.13709
49,100,0.836802778,39.79983
50,0,1.423113889,59.92991
50,4,0.369266667,21.90332
50,5,1.039486111,73.74469
50,8,0.550383333,34.32721
50,9,1.059558333,74.131
50,10,0.769933333,27.94629
50,11,0.239772222,10.43075
50,12,1.210738889,55.71193
50,13,0.545583333,33.78816
50,14,0.561194444,28.19025
50,15,1.349177778,71.37601
50,16,0.994525,73.17764
50,18,1.144486111,58.02868
50,22,0.152858333,4.55314
50,23,0.772141667,49.18059
50,25,0.849144444,34.85134
50,26,0.881841667,53.45455
50,27,0.622225,43.81074
50,28,0.818494444,42.34188
50,29,0.399077778,19.87498
50,30,0.692716667,38.18881
50,33,1.343172222,80.67252
50,34,0.454697222,24.6171
50,36,1.267297222,66.86933
50,37,1.543980556,75.16984
50,38,0.673105556,29.33481
50,40,0.360905556,15.31158
50,41,1.408127778,61.6336
50,43,0.943358333,50.33418
50,44,1.091058333,41.87541
50,48,0.812111111,61.76042
50,49,0.804802778,38.53863
50,50,0,0
50,52,1.085547222,61.25148
50,54,1.144775,61.99312
50,55,0.864977778,39.198
50,56,0.957133333,67.77555
50,58,0.541508333,29.24981
50,60,0.931091667,36.76763
50,61,1.242777778,45.8188
50,63,0.833819444,37.66531
50,64,0.505088889,24.5296
50,65,0.523188889,35.39246
50,66,0.565147222,20.84537
50,70,0.468919444,19.21357
50,71,0.698641667,34.08313
50,74,0.737080556,49.72405
50,76,0.475094444,27.67564
50,77,0.534972222,36.8173
50,78,0.47315,28.00661
50,79,0.276536111,13.55701
50,82,0.372680556,15.85619
50,83,0.176622222,9.66306
50,84,0.308025,14.71863
50,85,0.702105556,39.24745
50,86,0.770561111,42.50654
50,87,0.676663889,42.03713
50,89,0.560263889,25.64271
50,100,0.393902778,24.12074
52,0,1.215616667,45.031
52,4,0.716280556,39.34827
52,5,0.731302778,30.51159
52,8,1.263136111,84.28362
52,9,0.370102778,12.19728
52,10,1.411972222,78.27238
52,11,1.169755556,68.42366
52,12,1.709866667,57.80069
52,13,1.457527778,90.95552
52,14,1.246922222,74.6518
52,15,0.623580556,20.92294
52,16,0.696369444,30.3138
52,18,1.439205556,56.93373
52,22,0.9813,57.54886
52,23,0.313475,12.07438
52,25,1.761088889,92.0187
52,26,0.845741667,36.41854
52,27,1.240569444,84.46988
52,28,1.504222222,88.80344
52,29,1.311019444,77.04233
52,30,1.154019444,40.95414
52,33,1.045013889,37.80867
52,34,1.16745,74.57351
52,36,1.885641667,107.52845
52,37,2.152022222,70.27302
52,38,1.358833333,75.79638
52,40,1.073658333,65.26799
52,41,1.907258333,63.72236
52,43,0.907261111,33.29818
52,44,1.776786111,88.33697
52,48,0.620866667,25.13956
52,49,1.194608333,46.88456
52,50,1.084963889,61.21161
52,52,0,0
52,54,1.108677778,44.95711
52,55,1.550705556,85.65956
52,56,0.640730556,24.22518
52,58,1.471491667,87.24273
52,60,0.574586111,23.74215
52,61,1.914130556,93.3372
52,63,0.893983333,33.86688
52,64,1.417030556,81.69695
52,65,1.141533333,76.05159
52,66,1.250875,67.30694
52,70,1.087266667,59.8727
52,71,1.610583333,91.25048
52,74,1.355425,90.38318
52,76,1.093438889,68.33477
52,77,0.550572222,24.4342
52,78,1.358025,47.78818
52,79,0.809016667,47.69497
52,82,1.058408333,62.31775
52,83,1.088563889,66.83041
52,84,1.238005556,72.71155
52,85,1.32045,79.90658
52,86,1.388908333,83.16566
52,87,1.559319444,57.63422
52,89,0.945405556,34.86677
52,100,0.691641667,37.13074
54,0,0.338608333,10.27871
54,4,0.775508333,40.08991
54,5,0.977441667,35.70731
54,8,1.322366667,85.02526
54,9,1.056444444,39.28283
54,10,1.471202778,79.01402
54,11,1.228986111,69.1653
54,12,1.888316667,97.1127
54,13,1.064605556,32.58875
54,14,1.306152778,75.39345
54,15,1.372311111,55.08164
54,16,0.896405556,32.08141
54,18,0.649727778,17.50536
54,22,1.040530556,58.2905
54,23,0.795272222,32.88622
54,25,1.682766667,56.15121
54,26,0.444130556,13.9745
54,27,1.2998,85.21152
54,28,1.563452778,89.54508
54,29,1.311797222,46.49636
54,30,1.370294444,79.58958
54,33,0.382413889,13.69711
54,34,1.226677778,75.31515
54,36,1.944872222,108.27009
54,37,2.221555556,116.5706
54,38,1.418063889,76.53802
54,40,1.132888889,66.00963
54,41,2.085705556,103.03437
54,43,0.616877778,15.66722
54,44,1.836016667,89.07861
54,48,0.822644444,44.3321
54,49,0.712580556,19.39095
54,50,1.144191667,61.95325
54,52,1.108677778,44.95711
54,54,0,0
54,55,1.609936111,86.4012
54,56,0.915530556,31.10226
54,58,1.530722222,87.98438
54,60,1.090472222,48.97973
54,61,1.973361111,94.07884
54,63,0.759047222,23.40936
54,64,1.338708333,45.82946
54,65,1.200763889,76.79323
54,66,1.310105556,68.04858
54,70,1.146497222,60.61434
54,71,1.339255556,41.87235
54,74,1.414655556,91.12482
54,76,1.152669444,69.07641
54,77,0.609802778,25.17584
54,78,1.085019444,33.78361
54,79,0.868247222,48.43661
54,82,1.117638889,63.05939
54,83,1.147794444,67.57205
54,84,1.297236111,73.45319
54,85,1.379680556,80.64822
54,86,1.448136111,83.9073
54,87,1.096794444,30.72565
54,89,1.138797222,50.98689
54,100,0.750872222,37.87238
55,0,1.899630556,101.1627
55,4,0.840555556,46.60497
55,5,1.510775,98.44634
55,8,0.806375,32.14848
55,9,1.530847222,98.83265
55,10,1.045641667,43.64796
55,11,0.949769444,46.41006
55,12,1.650594444,74.78907
55,13,1.24275,69.16376
55,14,0.303794444,11.00833
55,15,1.820466667,96.07766
55,16,1.465813889,97.8793
55,18,1.841652778,93.40427
55,22,0.761316667,35.53525
55,23,1.243430556,73.88224
55,25,1.546311111,70.22693
55,26,1.353127778,78.1562
55,27,1.062080556,62.88788
55,28,0.333041667,16.81864
55,29,1.096244444,55.25057
55,30,1.132572222,57.26594
55,33,1.814461111,105.37416
55,34,0.666958333,22.90314
55,36,1.707152778,85.94646
55,37,1.983833333,94.24697
55,38,0.739277778,24.74165
55,40,0.739061111,26.45881
55,41,1.847983333,80.71073
55,43,1.414647222,75.03583
55,44,0.621363889,19.0144
55,48,1.2834,86.46207
55,49,1.501969444,73.91423
55,50,0.864977778,39.198
55,52,1.556833333,85.95313
55,54,1.616063889,86.69477
55,55,0,0
55,56,1.428419444,92.4772
55,58,1.046319444,57.93362
55,60,1.370944444,55.84476
55,61,1.129680556,35.10189
55,63,1.401369444,75.60453
55,64,1.202255556,59.90519
55,65,0.963041667,54.4696
55,66,0.799952778,30.73495
55,70,0.857094444,35.70654
55,71,1.395805556,69.45872
55,74,1.176933333,68.80119
55,76,0.91495,46.75278
55,77,1.006261111,61.51895
55,78,1.170316667,63.3822
55,79,0.747825,38.25866
55,82,0.611013889,24.95112
55,83,0.873788889,45.03865
55,84,1.018022222,50.69795
55,85,1.141961111,58.32459
55,86,1.210416667,61.58367
55,87,1.373830556,77.41272
55,89,1.000119444,44.71985
55,100,0.865191667,48.82239
56,0,0.704638889,24.65512
56,4,0.589102778,45.8898
56,5,0.199002778,8.85634
56,8,1.135958333,90.82514
56,9,0.272152778,11.90328
56,10,1.284797222,84.81391
56,11,1.042577778,74.9652
56,12,1.701908333,102.91259
56,13,1.326441667,60.44037
56,14,1.119744444,81.19334
56,15,0.873233333,34.55271
56,16,0.185388889,9.93792
56,18,1.039055556,34.68768
56,22,0.854125,64.09038
56,23,0.598869444,37.86236
56,25,1.633911111,98.56022
56,26,0.705966667,41.82611
56,27,1.113394444,91.0114
56,28,1.377044444,95.34496
56,29,1.183844444,83.58386
56,30,1.183886111,85.38946
56,33,0.534036111,17.43279
56,34,1.040272222,81.11503
56,36,1.758466667,114.06998
56,37,2.03515,122.37049
56,38,1.231658333,82.3379
56,40,0.946480556,71.80952
56,41,1.899297222,108.83426
56,43,0.767486111,38.70575
56,44,1.649611111,94.8785
56,48,0.146258333,6.03277
56,49,1.054833333,52.29213
56,50,0.957786111,67.75313
56,52,0.642216667,24.09859
56,54,0.915530556,31.10226
56,55,1.423530556,92.20109
56,56,0,0
56,58,1.344313889,93.78426
56,60,0.904066667,54.77961
56,61,1.786955556,99.87872
56,63,0.754208333,39.27445
56,64,1.289855556,88.23848
56,65,1.014358333,82.59312
56,66,1.1237,73.84846
56,70,0.960088889,66.41422
56,71,1.483405556,97.792
56,74,1.22825,96.9247
56,76,0.966263889,74.8763
56,77,0.423394444,30.97573
56,78,1.218247222,53.19575
56,79,0.681838889,54.2365
56,82,0.931233333,68.85927
56,83,0.961388889,73.37194
56,84,1.110830556,79.25307
56,85,1.193275,86.4481
56,86,1.261730556,89.70719
56,87,1.419544444,63.04179
56,89,0.952388889,56.78677
56,100,0.564463889,43.67227
58,0,1.814869444,102.49217
58,4,0.755794444,47.93445
58,5,1.426013889,99.77582
58,8,0.482463889,33.04661
58,9,1.446086111,100.16213
58,10,1.156461111,53.97742
58,11,0.399302778,21.74609
58,12,1.597269444,81.74305
58,13,0.991125,60.15889
58,14,0.947722222,54.22137
58,15,1.735705556,97.40713
58,16,1.381052778,99.20877
58,18,1.590027778,84.3994
58,22,0.539388889,30.58426
58,23,1.158669444,75.21171
58,25,0.972194444,38.67677
58,26,1.268369444,79.48567
58,27,1.008752778,69.84187
58,28,0.715002778,41.13749
58,29,0.844619444,46.2457
58,30,1.079247222,64.21993
58,33,1.7297,106.70364
58,34,0.592661111,42.47309
58,36,1.653825,92.90045
58,37,1.930508333,101.20096
58,38,1.059633333,55.36594
58,40,0.668716667,50.20534
58,41,1.794658333,87.66473
58,43,1.329888889,76.3653
58,44,1.477586111,67.90654
58,48,1.198638889,87.79155
58,49,1.250344444,64.90936
58,50,0.541508333,29.24981
58,52,1.472075,87.2826
58,54,1.531302778,88.02424
58,55,1.048030556,57.95518
58,56,1.343661111,93.80668
58,58,0,0
58,60,1.317619444,62.79875
58,61,1.629305556,71.84993
58,63,1.279358333,64.03604
58,64,0.950630556,50.90032
58,65,0.909716667,61.42359
58,66,0.951675,46.8765
58,70,0.85545,45.2447
58,71,1.144180556,60.45385
58,74,1.123608333,75.75518
58,76,0.861622222,53.70677
58,77,0.921502778,62.84843
58,78,0.918691667,54.37733
58,79,0.663063889,39.58814
58,82,0.759208333,41.88731
58,83,0.622163889,36.03378
58,84,0.290005556,15.38088
58,85,1.088633333,65.27858
58,86,1.157088889,68.53766
58,87,1.122205556,68.40785
58,89,0.946791667,51.67384
58,100,0.780430556,50.15187
60,0,1.373872222,63.43586
60,4,0.595411111,34.13403
60,5,0.985019444,60.7195
60,8,1.105652778,58.58096
60,9,0.779083333,37.56655
60,10,1.073313889,37.1692
60,11,1.015883333,43.97968
60,12,1.135288889,34.05882
60,13,1.303655556,66.51154
60,14,1.067161111,44.837
60,15,0.838219444,33.86668
60,16,0.940058333,60.15246
60,18,1.420836111,60.94454
60,22,0.827430556,33.10488
60,23,0.507775,24.00101
60,25,1.607216667,67.57471
60,26,0.827372222,40.42936
60,27,0.901911111,43.36669
60,28,1.324461111,58.98863
60,29,1.157147222,52.59835
60,30,0.579441667,17.21227
60,33,1.288702778,67.64733
60,34,1.009963889,48.87085
60,36,1.546983333,66.42527
60,37,1.577444444,46.53115
60,38,1.179072222,45.98157
60,40,0.916175,39.56533
60,41,1.332680556,39.98049
60,43,0.888891667,37.309
60,44,1.597025,58.52217
60,48,0.757644444,48.73523
60,49,1.176238889,50.89538
60,50,0.931091667,36.76763
60,52,0.574586111,23.74215
60,54,1.090308333,48.96793
60,55,1.370944444,55.84476
60,56,0.902663889,54.75037
60,58,1.317619444,62.79875
60,60,0,0
60,61,1.575472222,52.23401
60,63,0.875613889,37.8777
60,64,1.263161111,57.25297
60,65,0.802872222,34.94841
60,66,1.071113889,37.49213
60,70,0.796127778,23.48968
60,71,1.456711111,66.80649
60,74,1.016766667,49.28
60,76,0.754780556,27.23159
60,77,0.480505556,23.79212
60,78,1.231219444,60.72998
60,79,0.688147222,42.48073
60,82,0.900130556,34.01377
60,83,0.934694444,42.38643
60,84,1.084133333,48.26757
60,85,0.981791667,38.80339
60,86,0.832888889,24.98675
60,87,1.434733333,74.7605
60,89,0.370827778,11.12491
60,100,0.570775,31.9165
61,0,2.250572222,108.00659
61,4,1.1915,53.44886
61,5,1.861719444,105.29023
61,8,1.36,62.83211
61,9,1.881791667,105.67654
61,10,0.502169444,15.06511
61,11,1.327569444,53.03086
61,12,1.424558333,42.65598
61,13,1.62055,75.78455
61,14,1.173797222,44.70063
61,15,2.171411111,102.92155
61,16,1.816758333,104.72318
61,18,2.219452778,100.02507
61,22,1.139113889,42.15605
61,23,1.594372222,80.72613
61,25,1.924111111,76.84773
61,26,1.704072222,85.00009
61,27,0.890094444,30.39467
61,28,1.425377778,50.05319
61,29,1.474041667,61.87137
61,30,1.080605556,33.19383
61,33,2.165402778,112.21805
61,34,1.264311111,53.122
61,36,1.399194444,41.89502
61,37,1.675875,50.19554
61,38,0.782916667,23.48559
61,40,1.170519444,43.81648
61,41,1.767788889,54.23915
61,43,1.765591667,81.87972
61,44,0.508319444,16.08753
61,48,1.634344444,93.30595
61,49,1.879769444,80.53502
61,50,1.242777778,45.8188
61,52,1.907777778,92.79702
61,54,1.967008333,93.53866
61,55,1.129680556,35.10189
61,56,1.779363889,99.32109
61,58,1.629305556,71.84993
61,60,1.575472222,52.23401
61,61,0,0
61,63,1.752313889,82.44842
61,64,1.580052778,66.52599
61,65,0.882847222,27.99802
61,66,0.926280556,26.45982
61,70,1.160822222,39.40012
61,71,1.773605556,76.07952
61,74,0.809380556,24.03186
61,76,0.884825,25.96252
61,77,1.357205556,68.36284
61,78,1.548113889,70.003
61,79,1.098766667,45.10255
61,82,1.031036111,33.89428
61,83,1.251586111,51.65945
61,84,1.395819444,57.31875
61,85,0.648933333,19.46807
61,86,1.130222222,35.11209
61,87,1.751627778,84.03352
61,89,1.204644444,41.1091
61,100,1.216136111,55.66628
63,0,1.042613889,37.87729
63,4,0.560813889,28.99968
63,5,0.835325,45.22613
63,8,1.107672222,73.93502
63,9,0.855397222,45.61245
63,10,1.256508333,67.92379
63,11,0.977625,45.21697
63,12,1.673619444,86.02246
63,13,0.577183333,20.92409
63,14,1.091458333,64.30321
63,15,1.157613889,43.99141
63,16,0.790363889,44.65909
63,18,1.089575,35.38597
63,22,0.825836111,47.20026
63,23,0.580577778,21.79599
63,25,1.073711111,35.48523
63,26,0.412638889,12.35342
63,27,1.085105556,74.12127
63,28,1.348755556,78.45484
63,29,0.702741667,25.83039
63,30,1.155597222,68.49934
63,33,1.086419444,41.29568
63,34,1.011983333,64.22491
63,36,1.730177778,97.17986
63,37,2.006861111,105.48037
63,38,1.203369444,65.44778
63,40,0.918194444,54.91939
63,41,1.871008333,91.94413
63,43,0.690838889,19.75818
63,44,1.621322222,77.98838
63,48,0.60795,33.24186
63,49,0.761505556,22.81943
63,50,0.833819444,37.66531
63,52,0.893983333,33.86688
63,54,0.759047222,23.40936
63,55,1.395241667,75.31097
63,56,0.752969444,39.257
63,58,1.279358333,64.03604
63,60,0.875777778,37.88949
63,61,1.758666667,82.98859
63,63,0,0
63,64,0.729652778,25.16349
63,65,0.986069444,65.703
63,66,1.095411111,56.95834
63,70,0.9318,49.5241
63,71,0.758983333,23.23127
63,74,1.199961111,80.03459
63,76,0.937975,57.98618
63,77,0.395108333,14.0856
63,78,0.464075,13.9223
63,79,0.65355,37.34638
63,82,0.902944444,51.96915
63,83,0.6572,28.00251
63,84,1.045875,49.50485
63,85,1.164986111,69.55798
63,86,1.233441667,72.81707
63,87,0.708261111,29.17305
63,89,0.9241,39.89665
63,100,0.536177778,26.78215
64,0,1.31895,47.42809
64,4,0.701336111,42.38866
64,5,1.371555556,94.23004
64,8,0.914686111,58.52924
64,9,1.391627778,94.61634
64,10,1.107211111,48.65348
64,11,0.648894444,32.08126
64,12,1.542808333,76.19728
64,13,0.441419444,21.28635
64,14,0.898472222,48.89743
64,15,1.681247222,91.86135
64,16,1.326594444,93.66299
64,18,1.040322222,45.52686
64,22,0.584136111,30.99126
64,23,1.104208333,69.66594
64,25,0.344058333,10.32181
64,26,0.894616667,31.85617
64,27,0.954294444,64.29609
64,28,1.155769444,63.04906
64,29,0.374011111,12.69468
64,30,1.024786111,58.67415
64,33,1.362755556,50.84648
64,34,0.818997222,48.81913
64,36,1.599366667,87.35467
64,37,1.87605,95.65518
64,38,1.010383333,50.042
64,40,0.725205556,39.51362
64,41,1.740197222,82.11895
64,43,1.275427778,70.81952
64,44,1.428336111,62.5826
64,48,1.144180556,82.24577
64,49,0.700638889,26.03681
64,50,0.505088889,24.5296
64,52,1.417613889,81.73682
64,54,1.338708333,45.82946
64,55,1.202255556,59.90519
64,56,1.2892,88.2609
64,58,0.950630556,50.90032
64,60,1.263161111,57.25297
64,61,1.580052778,66.52599
64,63,0.729652778,25.16349
64,64,0,0
64,65,0.855258333,55.87781
64,66,0.902425,41.55256
64,70,0.800988889,39.69891
64,71,0.367033333,6.01497
64,74,1.06915,70.2094
64,76,0.807163889,48.16099
64,77,0.867041667,57.30265
64,78,0.368983333,15.50479
64,79,0.608602778,34.04236
64,82,0.709958333,36.56337
64,83,0.328469444,14.8668
64,84,0.717144444,36.36914
64,85,1.034175,59.7328
64,86,1.102630556,62.99188
64,87,0.572497222,29.53531
64,89,0.892333333,46.12806
64,100,0.725972222,44.60609
65,0,1.477975,90.72098
65,4,0.418902778,36.16326
65,5,1.089122222,88.00463
65,8,0.69775,57.2058
65,9,1.109191667,88.39094
65,10,0.4847,20.43346
65,11,0.607980556,42.60453
65,12,0.698719444,21.26886
65,13,0.895752778,65.13638
65,14,0.659258333,43.46184
65,15,1.398813889,85.63595
65,16,1.044161111,87.43758
65,18,1.494655556,89.37689
65,22,0.419527778,31.72971
65,23,0.821775,63.44053
65,25,1.199313889,66.19955
65,26,0.931475,67.71448
65,27,0.099044444,8.41891
65,28,0.916558333,57.61347
65,29,0.749247222,51.22319
65,30,0.252755556,9.87078
65,33,1.392805556,94.93245
65,34,0.602061111,47.49569
65,36,0.744116667,31.47749
65,37,1.0208,39.778
65,38,0.688738889,27.45046
65,40,0.508272222,38.19017
65,41,0.896108333,27.19053
65,43,0.992994444,64.59412
65,44,1.106691667,39.99106
65,48,0.861744444,76.02036
65,49,1.154972222,69.88684
65,50,0.523188889,35.39246
65,52,1.135180556,75.51141
65,54,1.194411111,76.25305
65,55,0.963041667,54.4696
65,56,1.006766667,82.03549
65,58,0.909716667,61.42359
65,60,0.802872222,34.94841
65,61,0.882847222,27.99802
65,63,0.979713889,65.16282
65,64,0.855258333,55.87781
65,65,0,0
65,66,0.663211111,36.11697
65,70,0.388225,22.11452
65,71,1.048808333,65.43134
65,74,0.2139,14.33222
65,76,0.166166667,10.49585
65,77,0.584608333,51.07724
65,78,0.823319444,59.35482
65,79,0.326169444,27.81695
65,82,0.492227778,32.63861
65,83,0.526791667,41.01127
65,84,0.676230556,46.89241
65,85,0.233913889,8.52995
65,86,0.258541667,8.06346
65,87,1.026830556,73.38534
65,89,0.432047222,23.8235
65,100,0.443538889,38.38068
66,0,1.599797222,82.81007
66,4,0.540725,28.25234
66,5,1.210944444,80.09371
66,8,0.682369444,37.85867
66,9,1.231016667,80.48002
66,10,0.454516667,12.30684
66,11,0.649938889,28.05743
66,12,1.350763889,56.43644
66,13,0.942919444,50.81113
66,14,0.496166667,19.72719
66,15,1.520636111,77.72502
66,16,1.165983333,79.52666
66,18,1.541822222,75.05163
66,22,0.461486111,17.18262
66,23,0.9436,55.52961
66,25,1.246480556,51.8743
66,26,1.053297222,59.80357
66,27,0.76225,44.53525
66,28,0.753466667,33.87882
66,29,0.796413889,36.89794
66,30,0.832741667,38.91331
66,33,1.514630556,87.02153
66,34,0.586680556,28.14856
66,36,1.407322222,67.59383
66,37,1.684002778,75.89434
66,38,0.367411111,10.29989
66,40,0.492891667,18.84305
66,41,1.548152778,62.35811
66,43,1.114816667,56.6832
66,44,0.785363889,22.84049
66,48,0.983569444,68.10944
66,49,1.202138889,55.56159
66,50,0.565147222,20.84537
66,52,1.257002778,67.6005
66,54,1.316233333,68.34214
66,55,0.799952778,30.73495
66,56,1.128588889,74.12457
66,58,0.951675,46.8765
66,60,1.071113889,37.49213
66,61,0.926280556,26.45982
66,63,1.101538889,57.2519
66,64,0.902425,41.55256
66,65,0.663211111,36.11697
66,66,0,0
66,70,0.526561111,13.76018
66,71,1.095975,51.10608
66,74,0.877102778,50.44855
66,76,0.615119444,28.40015
66,77,0.706430556,43.16632
66,78,0.870486111,45.02957
66,79,0.447994444,19.90604
66,82,0.353408333,8.92085
66,83,0.573958333,26.68602
66,84,0.718191667,32.34531
66,85,0.793,22.46139
66,86,0.910586111,43.23104
66,87,1.074,59.06009
66,89,0.700288889,26.36722
66,100,0.565361111,30.46976
70,0,1.423708333,74.54209
70,4,0.364633333,19.98436
70,5,1.034852778,71.82573
70,8,0.643480556,41.0269
70,9,1.054925,72.21204
70,10,0.658663889,24.33531
70,11,0.553713889,26.42563
70,12,1.075775,42.43398
70,13,0.841486111,48.95748
70,14,0.553311111,24.69878
70,15,1.344544444,69.45705
70,16,0.989891667,71.25868
70,18,1.440388889,73.19799
70,22,0.365258333,15.55082
70,23,0.767505556,47.26163
70,25,1.145047222,50.02066
70,26,0.877205556,51.53559
70,27,0.487261111,30.5328
70,28,0.810611111,38.85041
70,29,0.694977778,35.04429
70,30,0.557752778,24.91086
70,33,1.338536111,78.75355
70,34,0.547794444,31.31679
70,36,1.132333333,53.59138
70,37,1.409016667,61.89189
70,38,0.634519444,22.24962
70,40,0.454002778,22.01127
70,41,1.273163889,48.35565
70,43,0.938725,48.41522
70,44,1.052472222,34.79022
70,48,0.807477778,59.84146
70,49,1.100702778,53.70795
70,50,0.468919444,19.21357
70,52,1.080911111,59.33252
70,54,1.140141667,60.07416
70,55,0.857094444,35.70654
70,56,0.952497222,65.85659
70,58,0.85545,45.2447
70,60,0.796127778,23.48968
70,61,1.160822222,39.40012
70,63,0.925447222,48.98392
70,64,0.800988889,39.69891
70,65,0.388225,22.11452
70,66,0.526561111,13.76018
70,70,0,0
70,71,0.994541667,49.25244
70,74,0.602116667,36.44611
70,76,0.340130556,14.3977
70,77,0.530338889,34.89834
70,78,0.76905,43.17592
70,79,0.2719,11.63805
70,82,0.391616667,13.70569
70,83,0.472522222,24.83238
70,84,0.621963889,30.71351
70,85,0.567141667,25.9695
70,86,0.635597222,29.22859
70,87,0.972563889,57.20645
70,89,0.4253,12.36477
70,100,0.389269444,22.20178
71,0,1.319497222,43.47097
71,4,0.894888889,51.94219
71,5,1.565108333,103.78356
71,8,1.108236111,68.08277
71,9,1.585180556,104.16988
71,10,1.300763889,58.207
71,11,0.842444444,41.63478
71,12,1.736361111,85.7508
71,13,0.440680556,14.08022
71,14,1.092022222,58.45096
71,15,1.8748,101.41488
71,16,1.520147222,103.21652
71,18,1.039583333,38.32073
71,22,0.777688889,40.54478
71,23,1.297761111,79.21946
71,25,0.643166667,14.29899
71,26,0.895163889,27.89905
71,27,1.147847222,73.84962
71,28,1.349322222,72.60259
71,29,0.567563889,22.2482
71,30,1.218338889,68.22768
71,33,1.363302778,46.88937
71,34,1.01255,58.37266
71,36,1.792916667,96.9082
71,37,2.0696,105.2087
71,38,1.203936111,59.59552
71,40,0.918758333,49.06714
71,41,1.93375,91.67247
71,43,1.350513889,40.8472
71,44,1.621886111,72.13613
71,48,1.337733333,91.79929
71,49,0.701183333,22.0797
71,50,0.698641667,34.08313
71,52,1.611166667,91.29035
71,54,1.339255556,41.87235
71,55,1.395805556,69.45872
71,56,1.482752778,97.81442
71,58,1.144180556,60.45385
71,60,1.456711111,66.80649
71,61,1.773605556,76.07952
71,63,0.758983333,23.23127
71,64,0.367033333,6.01497
71,65,1.048808333,65.43134
71,66,1.095975,51.10608
71,70,0.994541667,49.25244
71,71,0,0
71,74,1.2627,79.76292
71,76,1.000713889,57.71452
71,77,1.060594444,66.85617
71,78,0.369530556,11.54767
71,79,0.802155556,43.59589
71,82,0.903511111,46.1169
71,83,0.522022222,24.42033
71,84,0.910697222,45.92266
71,85,1.227725,69.28632
71,86,1.296183333,72.54541
71,87,0.571758333,22.32919
71,89,1.085886111,55.68159
71,100,0.919525,54.15961
74,0,1.691866667,105.05257
74,4,0.632794444,50.49484
74,5,1.303013889,102.33622
74,8,0.911641667,71.53738
74,9,1.323083333,102.72252
74,10,0.698591667,34.76505
74,11,0.821872222,56.93611
74,12,0.663416667,19.66889
74,13,1.109644444,79.46796
74,14,0.87315,57.79343
74,15,1.612705556,99.96753
74,16,1.258052778,101.76916
74,18,1.708547222,103.70848
74,22,0.633419444,46.0613
74,23,1.035666667,77.77211
74,25,1.413205556,80.53114
74,26,1.145366667,82.04607
74,27,0.114880556,5.91537
74,28,1.13045,71.94505
74,29,0.963138889,65.55477
74,30,0.466647222,24.20237
74,33,1.606697222,109.26404
74,34,0.815955556,61.82727
74,36,0.638052778,18.90794
74,37,0.914733333,27.20845
74,38,0.902630556,41.78205
74,40,0.722163889,52.52176
74,41,1.01785,30.30201
74,43,1.206886111,78.9257
74,44,1.316247222,40.07579
74,48,1.075636111,90.35195
74,49,1.368863889,84.21843
74,50,0.737080556,49.72405
74,52,1.349072222,89.843
74,54,1.408302778,90.58464
74,55,1.176933333,68.80119
74,56,1.220658333,96.36708
74,58,1.123608333,75.75518
74,60,1.016766667,49.28
74,61,0.809380556,24.03186
74,63,1.193605556,79.49441
74,64,1.06915,70.2094
74,65,0.2139,14.33222
74,66,0.877102778,50.44855
74,70,0.602116667,36.44611
74,71,1.2627,79.76292
74,74,0,0
74,76,0.380058333,24.82744
74,77,0.7985,65.40883
74,78,1.037211111,73.68641
74,79,0.540061111,42.14854
74,82,0.706119444,46.9702
74,83,0.740683333,55.34286
74,84,0.890125,61.22399
74,85,0.447805556,22.86154
74,86,0.472433333,22.39505
74,87,1.240722222,87.71693
74,89,0.645938889,38.15509
74,100,0.657430556,52.71227
76,0,1.429880556,83.00416
76,4,0.370808333,28.44643
76,5,1.041027778,80.2878
76,8,0.649655556,49.48897
76,9,1.0611,80.67412
76,10,0.382666667,10.89772
76,11,0.559886111,34.8877
76,12,0.853719444,30.81532
76,13,0.847658333,57.41955
76,14,0.611166667,35.74502
76,15,1.350719444,77.91913
76,16,0.996066667,79.72076
76,18,1.446561111,81.66006
76,22,0.371433333,24.01289
76,23,0.773680556,55.7237
76,25,1.151219444,58.48273
76,26,0.883380556,59.99766
76,27,0.265205556,18.91413
76,28,0.868463889,49.89665
76,29,0.701152778,43.50637
76,30,0.335697222,13.29219
76,33,1.344711111,87.21563
76,34,0.553969444,39.77886
76,36,0.910277778,41.97271
76,37,1.186958333,50.27322
76,38,0.586705556,17.91471
76,40,0.460177778,30.47335
76,41,1.051108333,36.73699
76,43,0.9449,56.8773
76,44,1.004658333,30.45531
76,48,0.813652778,68.30353
76,49,1.106877778,62.17002
76,50,0.475094444,27.67564
76,52,1.087086111,67.79459
76,54,1.146316667,68.53623
76,55,0.91495,46.75278
76,56,0.958672222,74.31867
76,58,0.861622222,53.70677
76,60,0.754780556,27.23159
76,61,0.884825,25.96252
76,63,0.931622222,57.446
76,64,0.807163889,48.16099
76,65,0.166166667,10.49585
76,66,0.615119444,28.40015
76,70,0.340130556,14.3977
76,71,1.000713889,57.71452
76,74,0.380058333,24.82744
76,76,0,0
76,77,0.536513889,43.36042
76,78,0.775225,51.638
76,79,0.278075,20.10013
76,82,0.444136111,24.92179
76,83,0.478697222,33.29445
76,84,0.628138889,39.17559
76,85,0.345086111,14.35084
76,86,0.413541667,17.60992
76,87,0.978738889,65.66852
76,89,0.383952778,16.10668
76,100,0.395444444,30.66386
77,0,0.893366667,39.64377
77,4,0.165708333,14.9141
77,5,0.504513889,36.92741
77,8,0.712563889,59.84945
77,9,0.524586111,37.31372
77,10,0.8614,53.83821
77,11,0.619183333,43.98949
77,12,1.278513889,71.93689
77,13,0.906955556,66.52134
77,14,0.69635,50.21764
77,15,0.814205556,34.55873
77,16,0.459552778,36.36037
77,18,0.940330556,37.15245
77,22,0.430727778,33.11468
77,23,0.237166667,12.36331
77,25,1.210516667,67.58452
77,26,0.346866667,16.63727
77,27,0.689997222,60.0357
77,28,0.95365,64.36926
77,29,0.760447222,52.60816
77,30,0.760491667,54.41376
77,33,0.808197222,43.85523
77,34,0.616875,50.13934
77,36,1.335069444,83.09428
77,37,1.611752778,91.39479
77,38,0.808261111,51.3622
77,40,0.523086111,40.83382
77,41,1.475902778,77.85855
77,43,0.408386111,13.5169
77,44,1.226213889,63.9028
77,48,0.277138889,24.94314
77,49,0.695733333,27.10329
77,50,0.534391667,36.77743
77,52,0.550572222,24.4342
77,54,0.609802778,25.17584
77,55,1.000133333,61.22539
77,56,0.422158333,30.95828
77,58,0.920919444,62.80856
77,60,0.480672222,23.80391
77,61,1.363558333,68.90302
77,63,0.395108333,14.0856
77,64,0.866458333,57.26278
77,65,0.590961111,51.61742
77,66,0.700302778,42.87276
77,70,0.536694444,35.43852
77,71,1.060011111,66.8163
77,74,0.804852778,65.94901
77,76,0.542866667,43.9006
77,77,0,0
77,78,0.834519444,60.73979
77,79,0.258444444,23.2608
77,82,0.507836111,37.88357
77,83,0.537991667,42.39624
77,84,0.687433333,48.27738
77,85,0.769877778,55.47241
77,86,0.838336111,58.73149
77,87,1.038033333,74.77031
77,89,0.528994444,25.81108
77,100,0.141069444,12.69657
78,0,1.065261111,35.38223
78,4,0.669397222,45.86567
78,5,1.299366667,59.14744
78,8,0.882747222,62.00625
78,9,1.319438889,59.53375
78,10,1.075272222,52.13049
78,11,0.616955556,35.55827
78,12,1.510869444,79.67429
78,13,0.187730556,9.24049
78,14,0.866533333,52.37444
78,15,1.621655556,57.91271
78,16,1.254405556,58.58039
78,18,0.786633333,33.481
78,22,0.552197222,34.46827
78,23,1.044619444,35.7173
78,25,0.713041667,25.82653
78,26,0.640927778,19.81031
78,27,0.922355556,67.7731
78,28,1.123830556,66.52607
78,29,0.342072222,16.17168
78,30,0.992847222,62.15116
78,33,1.109066667,38.80063
78,34,0.787058333,52.29614
78,36,1.567427778,90.83168
78,37,1.844108333,99.13219
78,38,0.978444444,53.51901
78,40,0.693266667,42.99063
78,41,1.708258333,85.59595
78,43,1.096277778,32.75846
78,44,1.396397222,66.05961
78,48,1.071991667,47.16317
78,49,0.44695,13.99095
78,50,0.47315,28.00661
78,52,1.358025,47.78818
78,54,1.085019444,33.78361
78,55,1.170316667,63.3822
78,56,1.217011111,53.1783
78,58,0.918691667,54.37733
78,60,1.231219444,60.72998
78,61,1.548113889,70.003
78,63,0.464075,13.9223
78,64,0.368983333,15.50479
78,65,0.823319444,59.35482
78,66,0.870486111,45.02957
78,70,0.76905,43.17592
78,71,0.369530556,11.54767
78,74,1.037211111,73.68641
78,76,0.775225,51.638
78,77,0.835102778,60.77966
78,78,0,0
78,79,0.576663889,37.51937
78,82,0.678019444,40.04038
78,83,0.296530556,18.34381
78,84,0.685205556,39.84614
78,85,1.002236111,63.2098
78,86,1.070691667,66.46889
78,87,0.318808333,17.48945
78,89,0.860394444,49.60507
78,100,0.694033333,48.0831
79,0,1.151811111,62.90454
79,4,0.092738889,8.34681
79,5,0.762958333,60.18819
79,8,0.454125,36.58916
79,9,0.783030556,60.5745
79,10,0.602961111,30.57792
79,11,0.360744444,20.7292
79,12,1.020075,48.6766
79,13,0.648516667,43.26105
79,14,0.437911111,26.95735
79,15,1.07265,57.8195
79,16,0.717997222,59.62114
79,18,1.198772222,60.41323
79,22,0.172288889,9.85439
79,23,0.495611111,35.62408
79,25,0.952077778,44.32423
79,26,0.605311111,39.89804
79,27,0.431558333,36.77541
79,28,0.695211111,41.10897
79,29,0.502008333,29.34787
79,30,0.502052778,31.15347
79,33,1.066641667,67.11601
79,34,0.358438889,26.87904
79,36,1.076633333,59.83399
79,37,1.353313889,68.1345
79,38,0.549822222,28.10191
79,40,0.264647222,17.57353
79,41,1.217463889,54.59827
79,43,0.666830556,36.77768
79,44,0.967775,40.64251
79,48,0.535580556,48.20391
79,49,0.907736111,48.01152
79,50,0.275952778,13.51714
79,52,0.809016667,47.69497
79,54,0.868247222,48.43661
79,55,0.741694444,37.9651
79,56,0.680602778,54.21905
79,58,0.662480556,39.54827
79,60,0.688072222,42.47071
79,61,1.105122222,45.64273
79,63,0.65355,37.34638
79,64,0.608022222,34.00249
79,65,0.332522222,28.35713
79,66,0.441863889,19.61247
79,70,0.278255556,12.17823
79,71,0.801572222,43.55602
79,74,0.546413889,42.68872
79,76,0.284430556,20.64031
79,77,0.258444444,23.2608
79,78,0.576080556,37.4795
79,79,0,0
79,82,0.249397222,14.62329
79,83,0.279555556,19.13595
79,84,0.428994444,25.01708
79,85,0.511438889,32.21212
79,86,0.579897222,35.4712
79,87,0.779594444,51.51002
79,89,0.3696,18.60738
79,100,0.117375,10.56424
82,0,1.407333333,77.82088
82,4,0.348258333,23.26315
82,5,1.018477778,75.10452
82,8,0.489902778,32.86949
82,9,1.03855,75.49084
82,10,0.599097222,21.83386
82,11,0.457472222,23.06825
82,12,1.179780556,52.95808
82,13,0.750452778,45.82194
82,14,0.307230556,13.94336
82,15,1.328169444,72.73584
82,16,0.973516667,74.53748
82,18,1.349355556,70.06245
82,22,0.269019444,12.19343
82,23,0.751130556,50.54042
82,25,1.054013889,46.88511
82,26,0.860830556,54.81438
82,27,0.591266667,41.05689
82,28,0.564530556,28.09499
82,29,0.603947222,31.90875
82,30,0.661758333,35.43496
82,33,1.322163889,82.03234
82,34,0.394216667,23.15938
82,36,1.236338889,64.11547
82,37,1.513019444,72.41598
82,38,0.461366667,17.41029
82,40,0.300425,13.85386
82,41,1.377169444,58.87975
82,43,0.92235,51.69402
82,44,0.879319444,29.95089
82,48,0.791102778,63.12025
82,49,1.009672222,50.57241
82,50,0.372680556,15.85619
82,52,1.064536111,62.61131
82,54,1.123766667,63.35295
82,55,0.611013889,24.95112
82,56,0.936122222,69.13539
82,58,0.759208333,41.88731
82,60,0.900130556,34.01377
82,61,1.031036111,33.89428
82,63,0.909072222,52.26271
82,64,0.709958333,36.56337
82,65,0.492227778,32.63861
82,66,0.353408333,8.92085
82,70,0.391616667,13.70569
82,71,0.903511111,46.1169
82,74,0.706119444,46.9702
82,76,0.444136111,24.92179
82,77,0.513963889,38.17714
82,78,0.678019444,40.04038
82,79,0.255527778,14.91685
82,82,0,0
82,83,0.381491667,21.69683
82,84,0.525725,27.35613
82,85,0.671147222,36.4936
82,86,0.739602778,39.75268
82,87,0.881533333,54.07091
82,89,0.529305556,22.88886
82,100,0.372894444,25.48058
83,0,1.246497222,50.26711
83,4,0.372869444,27.52213
83,5,1.043088889,79.3635
83,8,0.586219444,43.6627
83,9,1.063161111,79.74981
83,10,0.778744444,33.78694
83,11,0.320427778,17.21472
83,12,1.214341667,61.33074
83,13,0.368966667,24.12537
83,14,0.570005556,34.03089
83,15,1.352780556,76.99481
83,16,0.998127778,78.79645
83,18,0.967869444,48.36588
83,22,0.255669444,16.12472
83,23,0.775744444,54.79939
83,25,0.672525,25.18854
83,26,0.822163889,34.6952
83,27,0.625827778,49.42955
83,28,0.827302778,48.18252
83,29,0.222458333,10.21218
83,30,0.696319444,43.80762
83,33,1.290302778,53.68551
83,34,0.490530556,33.95259
83,36,1.2709,72.48813
83,37,1.547583333,80.78864
83,38,0.681916667,35.17546
83,40,0.396741667,24.64708
83,41,1.411730556,67.25241
83,43,0.946961111,55.95299
83,44,1.099869444,47.71606
83,48,0.815713889,67.37923
83,49,0.628183333,28.87583
83,50,0.176622222,9.66306
83,52,1.089147222,66.87029
83,54,1.148377778,67.61192
83,55,0.873788889,45.03865
83,56,0.960733333,73.39436
83,58,0.622163889,36.03378
83,60,0.934694444,42.38643
83,61,1.251586111,51.65945
83,63,0.6572,28.00251
83,64,0.328469444,14.8668
83,65,0.526791667,41.01127
83,66,0.573958333,26.68602
83,70,0.472522222,24.83238
83,71,0.522022222,24.42033
83,74,0.740683333,55.34286
83,76,0.478697222,33.29445
83,77,0.538575,42.43611
83,78,0.296530556,18.34381
83,79,0.280136111,19.17582
83,82,0.381491667,21.69683
83,83,0,0
83,84,0.388677778,21.5026
83,85,0.705708333,44.86626
83,86,0.774163889,48.12534
83,87,0.500044444,32.37433
83,89,0.563866667,31.26152
83,100,0.397505556,29.73955
84,0,1.581383333,87.96099
84,4,0.522311111,33.40326
84,5,1.192530556,85.24463
84,8,0.521902778,19.87976
84,9,1.212602778,85.63095
84,10,0.922977778,39.44623
84,11,0.165819444,7.2149
84,12,1.363783333,67.21188
84,13,0.757638889,45.6277
84,14,0.714236111,39.69019
84,15,1.502222222,82.87595
84,16,1.147569444,84.67759
84,18,1.356544444,69.86821
84,22,0.305902778,16.05308
84,23,0.925183333,60.68053
84,25,1.0612,46.69088
84,26,1.034883333,64.95449
84,27,0.775269444,55.31068
84,28,0.967455556,33.06236
84,29,0.611133333,31.71451
84,30,0.845761111,49.68875
84,33,1.496213889,92.17245
84,34,0.497361111,17.2696
84,36,1.420341667,78.36927
84,37,1.697022222,86.66977
84,38,0.82615,40.83475
84,40,0.51395,26.81152
84,41,1.561172222,73.13354
84,43,1.096402778,61.83412
84,44,1.244102778,53.37535
84,48,0.965155556,73.26036
84,49,1.016858333,50.37817
84,50,0.308025,14.71863
84,52,1.238588889,72.75142
84,54,1.297819444,73.49306
84,55,1.018022222,50.69795
84,56,1.110175,79.27549
84,58,0.290005556,15.38088
84,60,1.084133333,48.26757
84,61,1.395819444,57.31875
84,63,1.045875,49.50485
84,64,0.717144444,36.36914
84,65,0.676230556,46.89241
84,66,0.718191667,32.34531
84,70,0.621963889,30.71351
84,71,0.910697222,45.92266
84,74,0.890125,61.22399
84,76,0.628138889,39.17559
84,77,0.688016667,48.31725
84,78,0.685205556,39.84614
84,79,0.429577778,25.05696
84,82,0.525725,27.35613
84,83,0.388677778,21.5026
84,84,0,0
84,85,0.855147222,50.74739
84,86,0.923605556,54.00648
84,87,0.888719444,53.87667
84,89,0.713308333,37.14266
84,100,0.546947222,35.62068
85,0,1.656891667,94.57597
85,4,0.597819444,40.01824
85,5,1.268038889,91.85962
85,8,0.876666667,61.06078
85,9,1.288108333,92.24592
85,10,0.356744444,10.70233
85,11,0.786897222,46.45951
85,12,0.921463889,28.84942
85,13,1.074669444,68.99136
85,14,0.838175,47.31683
85,15,1.577730556,89.49093
85,16,1.223077778,91.29256
85,18,1.673572222,93.23188
85,22,0.598444444,35.5847
85,23,1.000691667,67.29551
85,25,1.378230556,70.05454
85,26,1.110391667,71.56947
85,27,0.33295,16.94823
85,28,1.095475,61.46846
85,29,0.928163889,55.07818
85,30,0.431672222,13.72576
85,33,1.571722222,98.78744
85,34,0.780977778,51.35067
85,36,0.978022222,40.00681
85,37,1.254705556,48.30732
85,38,0.649636111,19.48716
85,40,0.687188889,42.04516
85,41,1.118855556,34.77109
85,43,1.171911111,68.4491
85,44,1.067588889,32.02776
85,48,1.040663889,79.87534
85,49,1.333888889,73.74183
85,50,0.702105556,39.24745
85,52,1.314097222,79.3664
85,54,1.373327778,80.10804
85,55,1.141961111,58.32459
85,56,1.185683333,85.89048
85,58,1.088633333,65.27858
85,60,0.981791667,38.80339
85,61,0.648933333,19.46807
85,63,1.158633333,69.0178
85,64,1.034175,59.7328
85,65,0.233913889,8.52995
85,66,0.793,22.46139
85,70,0.567141667,25.9695
85,71,1.227725,69.28632
85,74,0.447805556,22.86154
85,76,0.345086111,14.35084
85,77,0.763525,54.93223
85,78,1.002236111,63.2098
85,79,0.505086111,31.67194
85,82,0.671147222,36.4936
85,83,0.705708333,44.86626
85,84,0.855147222,50.74739
85,85,0,0
85,86,0.481286111,15.64402
85,87,1.205747222,77.24033
85,89,0.610963889,27.67849
85,100,0.622455556,42.23566
86,0,1.725347222,97.83505
86,4,0.666275,43.27733
86,5,1.336494444,95.1187
86,8,0.945122222,64.31987
86,9,1.356566667,95.50501
86,10,0.732075,27.54754
86,11,0.855355556,49.7186
86,12,0.447819444,13.43462
86,13,1.143125,72.25045
86,14,0.906633333,50.57591
86,15,1.646186111,92.75002
86,16,1.291533333,94.55165
86,18,1.742030556,96.49096
86,22,0.6669,38.84379
86,23,1.069147222,70.55459
86,25,1.446686111,73.31363
86,26,1.178847222,74.82855
86,27,0.357580556,16.48174
86,28,1.163930556,64.72754
86,29,0.996619444,58.33726
86,30,0.31145,9.17255
86,33,1.640177778,102.04652
86,34,0.849436111,54.60976
86,36,0.864552778,25.93669
86,37,0.889972222,25.90694
86,38,0.936113889,34.56454
86,40,0.755644444,45.30424
86,41,0.645208333,19.35629
86,43,1.240366667,71.70819
86,44,1.354066667,47.10513
86,48,1.109119444,83.13443
86,49,1.402344444,77.00091
86,50,0.770561111,42.50654
86,52,1.382552778,82.62548
86,54,1.441783333,83.36713
86,55,1.210416667,61.58367
86,56,1.254138889,89.14956
86,58,1.157088889,68.53766
86,60,0.832888889,24.98675
86,61,1.130222222,35.11209
86,63,1.227088889,72.27689
86,64,1.102630556,62.99188
86,65,0.258541667,8.06346
86,66,0.910586111,43.23104
86,70,0.635597222,29.22859
86,71,1.296183333,72.54541
86,74,0.472433333,22.39505
86,76,0.413541667,17.60992
86,77,0.831980556,58.19131
86,78,1.070691667,66.46889
86,79,0.573541667,34.93102
86,82,0.739602778,39.75268
86,83,0.774163889,48.12534
86,84,0.923605556,54.00648
86,85,0.481286111,15.64402
86,86,0,0
86,87,1.274205556,80.49941
86,89,0.679419444,30.93757
86,100,0.690911111,45.49475
87,0,0.920788889,27.39235
87,4,0.872911111,59.8962
87,5,1.500663889,68.99348
87,8,1.086258333,76.03677
87,9,1.520736111,69.37979
87,10,1.278786111,66.16102
87,11,0.820469444,49.58879
87,12,1.714383333,93.70481
87,13,0.210825,10.64133
87,14,1.070047222,66.40496
87,15,1.822952778,67.75875
87,16,1.455702778,68.42643
87,18,0.543458333,16.11208
87,22,0.755711111,48.49879
87,23,1.245913889,45.56333
87,25,0.916555556,39.85705
87,26,0.713619444,21.21688
87,27,1.125869444,81.80363
87,28,1.327344444,80.55659
87,29,0.545586111,30.20221
87,30,1.196361111,76.18169
87,33,0.988938889,31.54106
87,34,0.990572222,66.32666
87,36,1.770941667,104.8622
87,37,2.047622222,113.16271
87,38,1.181958333,67.54953
87,40,0.896780556,57.02115
87,41,1.911772222,99.62648
87,43,1.168969444,34.16502
87,44,1.599911111,80.09013
87,48,1.273288889,57.00921
87,49,0.495558333,14.67505
87,50,0.676663889,42.03713
87,52,1.559319444,57.63422
87,54,1.096794444,30.72565
87,55,1.373830556,77.41272
87,56,1.418308333,63.02434
87,58,1.122205556,68.40785
87,60,1.434733333,74.7605
87,61,1.751627778,84.03352
87,63,0.708261111,29.17305
87,64,0.572497222,29.53531
87,65,1.026830556,73.38534
87,66,1.074,59.06009
87,70,0.972563889,57.20645
87,71,0.571758333,22.32919
87,74,1.240722222,87.71693
87,76,0.978738889,65.66852
87,77,1.038616667,74.81018
87,78,0.318808333,17.48945
87,79,0.780177778,51.54989
87,82,0.881533333,54.07091
87,83,0.500044444,32.37433
87,84,0.888719444,53.87667
87,85,1.205747222,77.24033
87,86,1.274205556,80.49941
87,87,0,0
87,89,1.063908333,63.63559
87,100,0.897547222,62.11362
89,0,1.422361111,65.45482
89,4,0.363341667,10.90201
89,5,1.033508333,62.73846
89,8,0.734825,47.45605
89,9,1.053580556,63.12477
89,10,0.702486111,26.04429
89,11,0.645055556,32.85478
89,12,1.008872222,30.26625
89,13,0.932827778,55.38663
89,14,0.696333333,33.71209
89,15,1.209038889,44.9913
89,16,0.988547222,62.17141
89,18,1.469322222,62.9635
89,22,0.456602778,21.97996
89,23,0.766161111,38.17436
89,25,1.236388889,56.4498
89,26,0.875861111,42.44832
89,27,0.531083333,32.24178
89,28,0.953633333,47.86372
89,29,0.786322222,41.47344
89,30,0.453022222,13.4197
89,33,1.337191667,69.66628
89,34,0.639138889,37.74594
89,36,1.176155556,55.30036
89,37,1.451025,42.73857
89,38,0.808247222,34.85666
89,40,0.545347222,28.44042
89,41,1.206261111,36.18792
89,43,0.937380556,39.32795
89,44,1.2262,47.39726
89,48,0.806130556,50.75419
89,49,1.192047222,60.13709
89,50,0.560263889,25.64271
89,52,0.945405556,34.86677
89,54,1.138797222,50.98689
89,55,1.000119444,44.71985
89,56,0.951152778,56.76932
89,58,0.946791667,51.67384
89,60,0.370827778,11.12491
89,61,1.204644444,41.1091
89,63,0.9241,39.89665
89,64,0.892333333,46.12806
89,65,0.432047222,23.8235
89,66,0.700288889,26.36722
89,70,0.4253,12.36477
89,71,1.085886111,55.68159
89,74,0.645938889,38.15509
89,76,0.383952778,16.10668
89,77,0.528994444,25.81108
89,78,0.860394444,49.60507
89,79,0.363244444,18.0672
89,82,0.529305556,22.88886
89,83,0.563866667,31.26152
89,84,0.713308333,37.14266
89,85,0.610963889,27.67849
89,86,0.679419444,30.93757
89,87,1.063908333,63.63559
89,89,0,0
89,100,0.387925,13.11451
100,0,1.034436111,52.34031
100,4,0.024636111,2.21754
100,5,0.645583333,49.62396
100,8,0.571494444,47.15288
100,9,0.665655556,50.01027
100,10,0.720330556,41.14165
100,11,0.478113889,31.29293
100,12,1.137444444,59.24032
100,13,0.765886111,53.82478
100,14,0.555280556,37.52107
100,15,0.955275,47.25527
100,16,0.600622222,49.05691
100,18,1.0814,49.849
100,22,0.289658333,20.41812
100,23,0.378236111,25.05985
100,25,1.069444444,54.88796
100,26,0.487936111,29.33381
100,27,0.548927778,47.33914
100,28,0.812580556,51.6727
100,29,0.619377778,39.91159
100,30,0.619422222,41.7172
100,33,0.949266667,56.55178
100,34,0.475805556,37.44277
100,36,1.194,70.39772
100,37,1.470683333,78.69823
100,38,0.667191667,38.66564
100,40,0.382016667,28.13726
100,41,1.334833333,65.16199
100,43,0.549455556,26.21345
100,44,1.085144444,51.20624
100,48,0.418208333,37.63968
100,49,0.836802778,39.79983
100,50,0.393319444,24.08087
100,52,0.691641667,37.13074
100,54,0.750872222,37.87238
100,55,0.859063889,48.52883
100,56,0.563227778,43.65482
100,58,0.77985,50.112
100,60,0.570697222,31.90648
100,61,1.222488889,56.20646
100,63,0.536177778,26.78215
100,64,0.725388889,44.56621
100,65,0.449891667,38.92086
100,66,0.559233333,30.1762
100,70,0.395625,22.74196
100,71,0.918941667,54.11974
100,74,0.663783333,53.25245
100,76,0.401797222,31.20404
100,77,0.141069444,12.69657
100,78,0.69345,48.04323
100,79,0.117375,10.56424
100,82,0.366766667,25.18701
100,83,0.396922222,29.69968
100,84,0.546363889,35.58081
100,85,0.628808333,42.77584
100,86,0.697266667,46.03493
100,87,0.896963889,62.07375
100,89,0.387925,13.11451
100,100,0,0